pred_rank,season,player,team,pos,season_end_year,g,mp,pts,trb,ast,stl,blk,ws,ws_per_48,bpm,vorp,ts_pct,per,usg_pct,win_pct,pts_season_pct,ast_season_pct,trb_season_pct,ws_season_pct,bpm_season_pct,vorp_season_pct,per_season_pct,win_pct_season_pct,heuristic_score,is_candidate,pred_vote_share,pred_winner_prob,actual_vote_share,actual_rank
1,2024-25,Shai Gilgeous-Alexander,OKC,PG,2025,76.0,34.2,32.7,5.0,6.4,1.7,1.0,16.7,0.309,11.5,8.9,0.637,30.7,34.8,0.8292682926829268,1.0,0.968365553602812,0.7794376098418277,1.0,0.9964850615114236,0.9982425307557118,0.9947275922671354,0.984182776801406,17.965,1,1.0,0.3178534545600192,0.913,1.0
2,2024-25,Nikola Jokić,DEN,C,2025,70.0,36.7,29.6,12.7,10.2,1.8,0.6,16.4,0.307,13.3,9.8,0.663,32.0,29.5,0.6097560975609756,0.9964850615114236,0.9982425307557118,0.9964850615114236,0.9982425307557118,0.9982425307557118,1.0,0.9982425307557118,0.7899824253075571,18.915,1,0.7119583139389136,0.31668294460124763,0.787,2.0
3,2024-25,Giannis Antetokounmpo,MIL,PF,2025,67.0,34.2,30.4,11.9,6.5,0.9,1.2,11.5,0.241,9.5,6.6,0.625,30.5,35.2,0.5853658536585366,0.9982425307557118,0.9701230228471002,0.9912126537785588,0.9929701230228472,0.9947275922671354,0.9964850615114236,0.9929701230228472,0.6520210896309314,16.974999999999998,1,0.4497021502106594,0.27258121801294594,0.47,3.0
4,2024-25,Jayson Tatum,BOS,PF,2025,72.0,36.4,26.8,8.7,6.0,1.1,0.5,9.5,0.174,5.2,4.8,0.582,21.7,31.2,0.7439024390243902,0.9912126537785588,0.9569420035149385,0.960456942003515,0.984182776801406,0.976274165202109,0.992091388400703,0.9560632688927944,0.929701230228471,14.304999999999998,1,0.24533793475974133,0.03583291315440705,0.311,4.0
5,2024-25,Anthony Edwards,MIN,SG,2025,79.0,36.3,27.6,5.7,4.5,1.2,0.6,8.4,0.14,4.3,4.6,0.595,20.1,31.4,0.5975609756097561,0.9929701230228472,0.8875219683655536,0.8374340949033392,0.9718804920913884,0.960456942003515,0.9876977152899824,0.9226713532513181,0.7144112478031635,13.525,1,0.0653079183210703,0.002447597779520409,0.012,7.0
6,2024-25,Stephen Curry,GSW,PG,2025,70.0,32.2,24.5,4.4,6.0,1.1,0.4,7.9,0.168,6.3,4.8,0.618,21.5,29.8,0.5853658536585366,0.9701230228471002,0.9569420035149385,0.7152899824253075,0.9595782073813708,0.9859402460456942,0.992091388400703,0.9525483304042179,0.6520210896309314,12.645,1,0.029975511877323262,0.004652295026809366,0.002,9.0
7,2024-25,LeBron James,LAL,SF,2025,70.0,34.9,24.4,7.8,8.2,1.0,0.6,7.7,0.152,5.6,4.7,0.604,22.7,30.1,0.6097560975609756,0.9674868189806678,0.9912126537785588,0.9323374340949033,0.9560632688927944,0.9815465729349736,0.9894551845342706,0.9718804920913884,0.7899824253075571,13.450000000000001,1,0.02738068732460568,0.007417917039725142,0.016,6.0
8,2024-25,Jarrett Allen,CLE,C,2025,82.0,28.0,13.5,9.7,1.9,0.9,0.9,11.6,0.243,4.2,3.6,0.724,22.1,15.9,0.7804878048780488,0.7943760984182777,0.6001757469244289,0.9718804920913884,0.9947275922671354,0.9560632688927944,0.9745166959578208,0.9595782073813708,0.9551845342706503,9.299999999999999,1,0.025620746154312646,0.0010365546234575459,0.0,
9,2024-25,Domantas Sabonis,SAC,C,2025,70.0,34.7,19.1,13.9,6.0,0.7,0.4,10.1,0.199,5.2,4.4,0.655,22.9,21.6,0.48780487804878053,0.9042179261862917,0.9569420035149385,1.0,0.9876977152899824,0.976274165202109,0.9850615114235501,0.9736379613356766,0.5140597539543058,12.51,1,0.011757323014617977,0.00048566542537720745,0.0,
10,2024-25,Victor Wembanyama,SAS,C,2025,46.0,33.2,24.3,11.0,3.7,1.1,3.8,3.8,0.118,6.5,3.3,0.594,24.2,30.4,0.41463414634146334,0.9648506151142355,0.8330404217926186,0.9876977152899824,0.7855887521968365,0.9876977152899824,0.961335676625659,0.9859402460456942,0.26362038664323373,12.305,1,0.011640562023083861,8.098230446673346e-05,0.0,
11,2024-25,Josh Hart,NYK,SG,2025,77.0,37.6,13.6,9.6,5.9,1.5,0.4,9.2,0.153,2.8,3.6,0.611,16.5,15.3,0.6219512195121951,0.7961335676625659,0.9525483304042179,0.968365553602812,0.9815465729349736,0.8857644991212654,0.9745166959578208,0.7548330404217927,0.8646748681898067,9.499999999999998,1,0.01110794789055889,2.8054846978867192e-05,0.0,
12,2024-25,Anthony Davis,2TM,C,2025,51.0,33.5,24.7,11.6,3.5,1.2,2.2,6.7,0.188,5.4,3.2,0.588,26.3,30.4,0.5860832137733142,0.9745166959578208,0.819859402460457,0.9894551845342706,0.9349736379613357,0.9789103690685413,0.9569420035149385,0.9894551845342706,0.6959578207381371,12.965,1,0.009321982447434216,0.001619065791521447,0.0,
13,2024-25,Jalen Williams,OKC,SG,2025,69.0,32.4,21.6,5.3,5.1,1.6,0.7,7.8,0.168,4.0,3.4,0.573,20.3,27.5,0.8292682926829268,0.9367311072056239,0.9191564147627417,0.8084358523725835,0.9578207381370826,0.9499121265377856,0.9648506151142355,0.9288224956063269,0.984182776801406,11.335,1,0.008155887385651634,0.0030373804759188977,0.0,
14,2024-25,Donovan Mitchell,CLE,SG,2025,71.0,31.4,24.0,4.5,5.0,1.3,0.2,7.6,0.163,3.7,3.2,0.575,20.9,30.9,0.7804878048780488,0.9586994727592267,0.9130052724077329,0.7249560632688928,0.9525483304042179,0.9420035149384886,0.9569420035149385,0.9402460456942003,0.9551845342706503,11.964999999999998,1,0.007924320748604715,0.004325511380841942,0.074,5.0
15,2024-25,Trae Young,ATL,PG,2025,76.0,36.0,24.2,3.1,11.6,1.2,0.2,5.7,0.1,0.5,1.7,0.567,18.3,29.6,0.4878048780487805,0.9622144112478032,1.0,0.4876977152899824,0.9059753954305799,0.718804920913884,0.8787346221441125,0.8488576449912126,0.48945518453427067,12.445,1,0.006100148781290414,2.8624119714574546e-05,0.0,
16,2024-25,Tyrese Haliburton,IND,PG,2025,73.0,33.6,18.6,3.5,9.2,1.4,0.7,10.4,0.204,5.8,4.9,0.616,21.8,21.6,0.6097560975609756,0.8927943760984183,0.9964850615114236,0.5738137082601055,0.9912126537785588,0.984182776801406,0.9947275922671354,0.9578207381370826,0.7899824253075571,11.535,1,0.006049965646749061,0.0076090142132709485,0.0,
17,2024-25,Jalen Brunson,NYK,PG,2025,65.0,35.4,26.0,2.9,7.3,0.9,0.1,8.3,0.172,3.3,3.1,0.605,21.6,29.5,0.6219512195121951,0.984182776801406,0.9815465729349736,0.44112478031634444,0.968365553602812,0.9209138840070299,0.9525483304042179,0.9543057996485061,0.8646748681898067,12.985,1,0.005779570136983973,0.004647713627302382,0.001,10.0
18,2024-25,Ja Morant,MEM,PG,2025,50.0,30.4,23.2,4.1,7.3,1.2,0.2,3.5,0.112,2.4,1.7,0.563,19.3,32.2,0.5853658536585366,0.9490333919156415,0.9815465729349736,0.6775043936731108,0.7627416520210897,0.8743409490333919,0.8787346221441125,0.8919156414762741,0.6520210896309314,11.134999999999998,1,0.004831640029500996,3.6896092148383976e-05,0.0,
19,2024-25,Mark Williams,CHO,C,2025,44.0,26.6,15.3,10.2,2.5,0.7,1.2,4.7,0.195,3.5,1.6,0.647,23.9,21.4,0.2317073170731707,0.8400702987697716,0.7223198594024605,0.9780316344463972,0.8488576449912126,0.9323374340949033,0.8646748681898067,0.9806678383128296,0.06766256590509666,8.674999999999999,1,0.00419671413845829,3.1742727485821565e-07,0.0,
20,2024-25,Evan Mobley,CLE,PF,2025,71.0,30.5,18.5,9.3,3.2,0.9,1.6,9.0,0.2,4.6,3.6,0.633,22.3,23.2,0.7804878048780488,0.8892794376098418,0.7917398945518453,0.9648506151142355,0.9789103690685413,0.9666080843585237,0.9745166959578208,0.9639718804920914,0.9551845342706503,10.77,1,0.0037070505230341285,0.004292906636412885,0.001,10.0
21,2024-25,Alperen Şengün,HOU,C,2025,76.0,31.5,19.1,10.3,4.9,1.1,0.8,8.3,0.166,4.4,3.9,0.545,21.4,26.2,0.6341463414634146,0.9042179261862917,0.9077328646748682,0.9815465729349736,0.968365553602812,0.9648506151142355,0.9815465729349736,0.9499121265377856,0.8945518453427065,11.31,1,0.003660052366079348,0.0017227113004582974,0.0,
22,2024-25,Jalen Duren,DET,C,2025,78.0,26.1,11.8,10.3,2.7,0.7,1.1,9.2,0.218,3.1,2.7,0.703,21.4,16.4,0.5365853658536586,0.7398945518453427,0.7486818980667839,0.9815465729349736,0.9815465729349736,0.9015817223198594,0.9411247803163445,0.9499121265377856,0.5729349736379613,8.365,1,0.0027915495587507383,2.0547323997936043e-05,0.0,
23,2024-25,Darius Garland,CLE,PG,2025,75.0,30.7,20.6,2.9,6.7,1.2,0.1,8.1,0.169,3.1,3.0,0.6,19.9,27.2,0.7804878048780488,0.9226713532513181,0.9718804920913884,0.44112478031634444,0.9648506151142355,0.9015817223198594,0.9490333919156415,0.9103690685413005,0.9551845342706503,10.915000000000001,1,0.002540460047354118,0.003548899178135997,0.0,
24,2024-25,Walker Kessler,UTA,C,2025,58.0,30.0,11.1,12.2,1.7,0.6,2.4,5.4,0.149,1.8,1.7,0.66,20.0,13.7,0.2073170731707317,0.7249560632688928,0.5500878734622144,0.9929701230228472,0.8919156414762741,0.8391915641476274,0.8787346221441125,0.9165202108963093,0.012302284710017574,7.3149999999999995,1,0.0025082814014763207,2.6463133536956145e-08,0.0,
25,2024-25,Jaylen Brown,BOS,SF,2025,63.0,34.3,22.2,5.8,4.5,1.2,0.3,5.2,0.115,0.0,1.1,0.555,17.8,28.9,0.7439024390243902,0.9428822495606327,0.8875219683655536,0.8453427065026362,0.8787346221441125,0.6493848857644992,0.7917398945518453,0.8251318101933216,0.929701230228471,10.579999999999998,1,0.0019781252055334868,3.519250653894697e-05,0.0,
26,2024-25,LaMelo Ball,CHO,PG,2025,47.0,32.0,25.2,4.9,7.4,1.1,0.3,2.0,0.065,3.2,2.0,0.536,19.1,35.9,0.2317073170731707,0.9789103690685413,0.9859402460456942,0.7680140597539543,0.6019332161687171,0.9121265377855887,0.9068541300527241,0.883128295254833,0.06766256590509666,11.754999999999999,1,0.0016736611087808497,1.0453992440630798e-06,0.0,
27,2024-25,Kelly Oubre Jr.,PHI,SF,2025,60.0,34.6,15.1,6.1,1.8,1.5,0.5,2.6,0.061,-2.3,-0.1,0.551,13.5,18.9,0.2926829268292683,0.836555360281195,0.5773286467486819,0.8681898066783831,0.664323374340949,0.3585237258347979,0.2521968365553603,0.5369068541300527,0.14674868189806678,6.85,1,0.0009302337621723991,3.9127948217815404e-10,0.0,
28,2024-25,Isaiah Hartenstein,OKC,C,2025,57.0,27.9,11.2,10.7,3.8,0.8,1.1,6.8,0.205,3.2,2.1,0.599,18.9,16.7,0.8292682926829268,0.7293497363796133,0.8418277680140598,0.984182776801406,0.9367311072056239,0.9121265377855887,0.9130052724077329,0.8734622144112478,0.984182776801406,7.965,1,0.0005498811951621765,0.00015607377711754922,0.0,
29,2024-25,Ausar Thompson,DET,SF,2025,59.0,22.5,10.1,5.1,2.3,1.7,0.7,3.8,0.138,1.7,1.2,0.568,17.2,19.1,0.5365853658536586,0.6731107205623902,0.6898066783831283,0.7926186291739895,0.7855887521968365,0.8321616871704746,0.8145869947275922,0.7873462214411248,0.5729349736379613,5.6899999999999995,1,0.0004816461497839172,1.689272394771405e-07,0.0,
30,2024-25,Derrick White,BOS,SG,2025,76.0,33.9,16.4,4.5,4.8,0.9,1.1,8.5,0.158,3.5,3.6,0.606,16.6,19.8,0.7439024390243902,0.8576449912126538,0.9033391915641477,0.7249560632688928,0.9736379613356766,0.9323374340949033,0.9745166959578208,0.7653778558875219,0.929701230228471,9.424999999999999,1,0.0004121976594156856,0.0008112267305618244,0.0,
31,2024-25,Christian Braun,DEN,SG,2025,79.0,33.9,15.4,5.2,2.6,1.1,0.5,8.0,0.144,0.3,1.6,0.665,16.0,15.8,0.6097560975609756,0.843585237258348,0.7363796133567663,0.8014059753954306,0.9622144112478032,0.6862917398945518,0.8646748681898067,0.718804920913884,0.7899824253075571,8.32,1,0.0001899022101544784,2.1348774086816158e-06,0.0,
32,2024-25,Amen Thompson,HOU,SF,2025,69.0,32.2,14.1,8.2,3.8,1.4,1.3,8.0,0.172,4.1,3.4,0.602,18.7,17.5,0.6341463414634146,0.8093145869947276,0.8418277680140598,0.9481546572934973,0.9622144112478032,0.9543057996485061,0.9648506151142355,0.8664323374340949,0.8945518453427065,8.934999999999999,1,0.0001686788111787857,8.002576971497806e-05,0.0,
33,2024-25,Deandre Ayton,POR,C,2025,40.0,30.2,14.4,10.2,1.6,0.8,1.0,2.8,0.113,-0.7,0.4,0.583,17.7,19.4,0.4390243902439024,0.8189806678383128,0.5228471001757469,0.9780316344463972,0.68804920913884,0.5650263620386643,0.6370826010544816,0.8163444639718805,0.3304042179261863,7.38,1,0.0001245075977790783,1.9524592488286717e-08,0.0,
34,2024-25,Paul George,PHI,PF,2025,41.0,32.5,16.2,5.3,4.3,1.8,0.5,1.0,0.036,-0.4,0.5,0.543,14.5,23.5,0.2926829268292683,0.8506151142355008,0.8690685413005272,0.8084358523725835,0.429701230228471,0.6028119507908611,0.6766256590509666,0.6124780316344464,0.14674868189806678,7.484999999999999,1,8.91328703029959e-05,1.2058305923169092e-09,0.0,
35,2024-25,Dyson Daniels,ATL,SG,2025,76.0,33.8,14.1,5.9,4.4,3.0,0.7,5.0,0.093,1.5,2.3,0.545,15.6,18.2,0.4878048780487805,0.8093145869947276,0.8760984182776801,0.8532513181019332,0.8585237258347979,0.819859402460457,0.9244288224956063,0.6827768014059754,0.48945518453427067,7.85,1,8.91328703029959e-05,5.0643679235233305e-08,0.0,
36,2024-25,Dean Wade,CLE,PF,2025,59.0,21.2,5.4,4.2,1.3,0.7,0.3,3.0,0.113,0.3,0.7,0.563,10.1,10.4,0.7804878048780487,0.359402460456942,0.4279437609841828,0.6898066783831283,0.7117750439367311,0.6862917398945518,0.7328646748681898,0.2451669595782074,0.9437609841827768,3.4099999999999997,1,1.8640520998641227e-05,1.4661424048506879e-07,0.0,
37,2024-25,Max Strus,CLE,SF,2025,50.0,25.5,9.4,4.3,3.2,0.5,0.2,3.4,0.13,1.3,1.1,0.607,12.6,14.7,0.7804878048780488,0.6353251318101933,0.7917398945518453,0.7047451669595782,0.7486818980667839,0.8084358523725835,0.7917398945518453,0.46748681898066785,0.9551845342706503,5.385,1,1.8640520998641227e-05,2.1365581937657604e-06,0.0,
38,2024-25,Sam Hauser,BOS,PF,2025,71.0,21.7,8.5,3.2,0.9,0.6,0.2,4.4,0.136,0.8,1.1,0.632,12.8,14.3,0.7439024390243902,0.5632688927943761,0.2750439367311072,0.5052724077328646,0.8321616871704746,0.7583479789103691,0.7917398945518453,0.48857644991212656,0.929701230228471,4.595,1,6.56315320976982e-06,1.1079265353059238e-06,0.0,
39,2024-25,Jrue Holiday,BOS,PG,2025,62.0,30.6,11.1,4.3,3.9,1.1,0.4,5.1,0.13,0.7,1.3,0.565,13.5,15.8,0.7439024390243902,0.7249560632688928,0.8471001757469244,0.7047451669595782,0.867311072056239,0.7416520210896309,0.836555360281195,0.5369068541300527,0.929701230228471,6.4,1,6.56315320976982e-06,3.0566835502440528e-06,0.0,
40,2024-25,Al Horford,BOS,C,2025,60.0,27.7,9.0,6.2,2.1,0.6,0.9,4.4,0.129,1.2,1.3,0.563,12.9,13.8,0.7439024390243902,0.6063268892794376,0.6537785588752196,0.8760984182776801,0.8321616871704746,0.7978910369068541,0.836555360281195,0.5008787346221442,0.929701230228471,5.5,1,6.56315320976982e-06,2.0496569230890496e-06,0.0,
41,2024-25,Malaki Branham,SAS,SG,2025,47.0,9.1,5.0,1.1,0.8,0.2,0.0,0.1,0.007,-3.2,-0.1,0.575,12.0,23.8,0.41463414634146345,0.3321616871704745,0.23813708260105448,0.12214411247803164,0.18717047451669597,0.2627416520210896,0.2521968365553603,0.4077328646748682,0.28910369068541303,1.7750000000000001,0,0.0,0.0,0.0,
42,2024-25,Mason Plumlee,PHO,C,2025,74.0,17.6,4.5,6.1,1.8,0.4,0.6,3.7,0.136,-0.6,0.5,0.645,14.8,10.8,0.4390243902439024,0.30404217926186294,0.5773286467486819,0.8681898066783831,0.7794376098418277,0.5799648506151143,0.6766256590509666,0.6300527240773286,0.3304042179261863,3.5300000000000002,0,0.0,0.0,0.0,
43,2024-25,MarJon Beauchamp,3TM,SF,2025,35.0,4.5,2.3,1.3,0.3,0.1,0.0,0.1,0.02,-4.3,-0.1,0.535,12.3,24.9,0.5937282229965156,0.13796133567662566,0.070298769771529,0.15992970123022848,0.18717047451669597,0.1695957820738137,0.2521968365553603,0.44200351493848855,0.6977152899824253,0.6500000000000001,0,0.0,0.0,0.0,
44,2024-25,Malik Monk,SAC,SG,2025,65.0,31.6,17.2,3.8,5.6,0.9,0.6,2.8,0.065,-0.8,0.6,0.549,15.0,24.6,0.4878048780487805,0.8699472759226714,0.9420035149384886,0.6291739894551845,0.68804920913884,0.5492091388400703,0.7082601054481547,0.640597539543058,0.48945518453427067,8.19,1,0.0,2.945161863496619e-07,0.0,
45,2024-25,Mason Jones,SAC,SG,2025,10.0,4.5,2.3,0.9,1.1,0.0,0.1,0.2,0.198,2.9,0.1,0.569,20.6,20.3,0.4878048780487805,0.13796133567662566,0.3602811950790861,0.0852372583479789,0.23286467486818982,0.8892794376098418,0.4973637961335677,0.9358523725834798,0.48945518453427067,1.49,0,0.0,0.0,0.0,
46,2024-25,Malevy Leons,OKC,SF,2025,6.0,3.5,0.3,0.5,0.2,0.0,0.0,0.0,-0.052,-12.4,-0.1,0.266,-2.3,9.6,0.8292682926829268,0.01845342706502636,0.040421792618629174,0.03163444639718805,0.12390158172231985,0.022847100175746926,0.2521968365553603,0.014938488576449912,0.984182776801406,-1.0200000000000002,0,0.0,0.0,0.0,
47,2024-25,Marvin Bagley III,2TM,PF,2025,31.0,8.5,4.4,2.7,0.4,0.3,0.3,0.6,0.108,-1.2,0.1,0.56,18.4,20.9,0.3611329661683713,0.29437609841827767,0.1063268892794376,0.3998242530755712,0.3391915641476274,0.4991212653778559,0.4973637961335677,0.8558875219683656,0.20913884007029876,2.0250000000000004,0,0.0,0.0,0.0,
48,2024-25,Marcus Bagley,PHI,SF,2025,10.0,25.3,6.7,7.0,1.0,0.9,1.2,0.2,0.045,-4.3,-0.1,0.456,11.8,13.8,0.2926829268292683,0.45606326889279436,0.31370826010544817,0.9042179261862917,0.23286467486818982,0.1695957820738137,0.2521968365553603,0.38488576449912126,0.14674868189806678,3.2049999999999996,0,0.0,0.0,0.0,
49,2024-25,Malcolm Brogdon,WAS,PG,2025,24.0,23.5,12.7,3.8,4.1,0.5,0.2,0.7,0.061,-1.5,0.1,0.544,15.8,23.7,0.2195121951219512,0.7768014059753954,0.8550087873462214,0.6291739894551845,0.3655536028119508,0.46045694200351495,0.4973637961335677,0.6959578207381371,0.04130052724077329,5.824999999999999,0,0.0,0.0,0.0,
50,2024-25,Marcus Garrett,CHO,SG,2025,4.0,19.8,7.0,1.5,3.3,0.8,0.5,0.0,-0.002,-7.6,-0.1,0.487,8.7,18.7,0.2317073170731707,0.4789103690685413,0.7987697715289982,0.19947275922671354,0.12390158172231985,0.06239015817223199,0.2521968365553603,0.14586994727592267,0.06766256590509666,2.575,0,0.0,0.0,0.0,
51,2024-25,Markelle Fultz,SAC,PG,2025,21.0,8.8,2.9,1.0,1.3,0.5,0.1,-0.1,-0.026,-4.7,-0.1,0.452,8.9,19.3,0.4878048780487805,0.17135325131810195,0.4279437609841828,0.10281195079086115,0.0641476274165202,0.15202108963093147,0.2521968365553603,0.15202108963093147,0.48945518453427067,0.9349999999999998,0,0.0,0.0,0.0,
52,2024-25,Malachi Flynn,CHO,PG,2025,4.0,11.0,4.0,1.8,1.8,0.8,0.0,0.0,0.043,-2.8,0.0,0.512,12.4,19.0,0.2317073170731707,0.2478031634446397,0.5773286467486819,0.25746924428822493,0.12390158172231985,0.29701230228471004,0.3875219683655536,0.45166959578207383,0.06766256590509666,1.7500000000000002,0,0.0,0.0,0.0,
53,2024-25,Marcus Smart,2TM,PG,2025,34.0,20.0,9.0,2.1,3.2,1.1,0.3,0.7,0.051,-1.5,0.1,0.529,12.4,20.6,0.42395982783357244,0.6063268892794376,0.7917398945518453,0.29964850615114236,0.3655536028119508,0.46045694200351495,0.4973637961335677,0.45166959578207383,0.29701230228471004,4.095,1,0.0,2.7995610753744176e-09,0.0,
54,2024-25,Marcus Sasser,DET,PG,2025,57.0,14.2,6.6,1.2,2.3,0.6,0.1,1.8,0.108,-0.6,0.3,0.589,14.0,19.4,0.5365853658536586,0.44903339191564146,0.6898066783831283,0.13796133567662566,0.5685413005272407,0.5799648506151143,0.5966608084358523,0.5808435852372583,0.5729349736379613,3.2499999999999996,0,0.0,0.0,0.0,
55,2024-25,Matas Buzelis,CHI,SF,2025,80.0,18.9,8.6,3.5,1.0,0.4,0.9,1.9,0.06,-2.5,-0.2,0.571,12.5,18.7,0.47560975609756084,0.5676625659050967,0.31370826010544817,0.5738137082601055,0.5869947275922671,0.335676625659051,0.15992970123022848,0.45869947275922673,0.4103690685413005,3.865,0,0.0,0.0,0.0,
56,2024-25,Mac McClung,ORL,SG,2025,2.0,5.0,0.0,0.5,1.5,0.0,0.0,0.0,-0.047,-11.0,0.0,0.0,-0.3,8.7,0.5,0.008787346221441126,0.4964850615114236,0.03163444639718805,0.12390158172231985,0.029876977152899824,0.3875219683655536,0.019332161687170474,0.5342706502636204,-0.7250000000000001,0,0.0,0.0,0.0,
57,2024-25,Malik Beasley,DET,SG,2025,82.0,27.8,16.3,2.6,1.7,0.9,0.1,4.7,0.1,0.8,1.6,0.59,14.4,22.5,0.5365853658536586,0.8550087873462214,0.5500878734622144,0.38137082601054484,0.8488576449912126,0.7583479789103691,0.8646748681898067,0.6045694200351494,0.5729349736379613,7.455,1,0.0,1.3442513621268031e-06,0.0,
58,2024-25,Markieff Morris,2TM,PF,2025,15.0,11.0,3.7,1.5,1.4,0.1,0.2,-0.2,-0.044,-7.6,-0.2,0.385,6.0,20.5,0.5471544715447154,0.22583479789103691,0.46309314586994726,0.19947275922671354,0.033391915641476276,0.06239015817223199,0.15992970123022848,0.06854130052724078,0.5887521968365553,0.9999999999999998,0,0.0,0.0,0.0,
59,2024-25,Mike Conley,MIN,PG,2025,71.0,24.7,8.2,2.6,4.5,1.1,0.2,5.2,0.142,1.2,1.4,0.573,13.3,14.4,0.5975609756097561,0.5448154657293497,0.8875219683655536,0.38137082601054484,0.8787346221441125,0.7978910369068541,0.8479789103690686,0.5254833040421792,0.7144112478031635,5.319999999999999,1,0.0,1.0748848897758007e-06,0.0,
60,2024-25,Matisse Thybulle,POR,SG,2025,15.0,20.8,7.5,3.5,1.9,2.2,0.6,0.9,0.146,5.0,0.6,0.592,17.0,14.4,0.43902439024390233,0.5193321616871704,0.6001757469244289,0.5738137082601055,0.4086115992970123,0.9736379613356766,0.7082601054481547,0.7803163444639719,0.30492091388400705,4.21,0,0.0,0.0,0.0,
61,2024-25,Matt Ryan,NYK,SF,2025,19.0,3.6,1.5,0.4,0.2,0.1,0.0,-0.1,-0.057,-7.5,-0.1,0.439,6.1,22.3,0.6219512195121951,0.07117750439367311,0.040421792618629174,0.020210896309314587,0.0641476274165202,0.06502636203866433,0.2521968365553603,0.070298769771529,0.8646748681898067,-0.14500000000000002,0,0.0,0.0,0.0,
62,2024-25,Nickeil Alexander-Walker,MIN,SG,2025,82.0,25.3,9.4,3.2,2.7,0.6,0.4,4.3,0.099,-0.4,0.8,0.579,11.6,16.0,0.5975609756097561,0.6353251318101933,0.7486818980667839,0.5052724077328646,0.8189806678383128,0.6028119507908611,0.7548330404217927,0.37170474516695956,0.7144112478031635,5.130000000000001,1,0.0,3.3417780175818603e-07,0.0,
63,2024-25,Nick Smith Jr.,CHO,SG,2025,60.0,22.8,9.9,2.1,2.4,0.3,0.1,-0.5,-0.019,-5.7,-1.3,0.502,8.3,20.8,0.2317073170731707,0.6590509666080844,0.7082601054481547,0.29964850615114236,0.012302284710017574,0.10896309314586995,0.008787346221441126,0.12917398945518455,0.06766256590509666,3.59,1,0.0,3.9056120138448135e-11,0.0,
64,2024-25,Nick Richards,2TM,C,2025,57.0,22.0,9.3,8.2,0.9,0.2,1.0,3.0,0.114,-3.3,-0.4,0.634,16.6,17.3,0.36264441591784335,0.6282952548330404,0.2750439367311072,0.9481546572934973,0.7117750439367311,0.2504393673110721,0.07644991212653779,0.7653778558875219,0.2126537785588752,4.9350000000000005,1,0.0,1.5779624149167355e-09,0.0,
65,2024-25,Nic Claxton,BRK,C,2025,70.0,26.9,10.3,7.4,2.2,0.9,1.4,4.3,0.11,0.4,1.1,0.569,16.5,16.8,0.3170731707317073,0.687170474516696,0.6704745166959578,0.9182776801405975,0.8189806678383128,0.7047451669595782,0.7917398945518453,0.7548330404217927,0.18189806678383127,6.055000000000001,1,0.0,2.0180493648901443e-08,0.0,
66,2024-25,Neemias Queta,BOS,C,2025,62.0,13.9,5.0,3.8,0.7,0.3,0.7,3.2,0.179,-0.7,0.3,0.674,16.3,13.7,0.7439024390243902,0.3321616871704745,0.2047451669595782,0.6291739894551845,0.7293497363796133,0.5650263620386643,0.5966608084358523,0.7416520210896309,0.929701230228471,3.0300000000000002,0,0.0,0.0,0.0,
67,2024-25,Naz Reid,MIN,C,2025,80.0,27.5,14.2,6.0,2.3,0.7,0.9,5.7,0.125,1.6,2.0,0.577,15.8,21.5,0.5975609756097561,0.8137082601054482,0.6898066783831283,0.8602811950790861,0.9059753954305799,0.8268892794376098,0.9068541300527241,0.6959578207381371,0.7144112478031635,7.630000000000001,1,0.0,7.817951865700957e-06,0.0,
68,2024-25,Nate Williams,HOU,SG,2025,20.0,7.4,3.3,0.7,0.5,0.4,0.2,0.0,-0.007,-5.7,-0.1,0.496,8.6,22.3,0.6341463414634146,0.19507908611599298,0.13971880492091387,0.056239015817223195,0.12390158172231985,0.10896309314586995,0.2521968365553603,0.14323374340949033,0.8945518453427065,0.7899999999999998,0,0.0,0.0,0.0,
69,2024-25,Naji Marshall,DAL,SF,2025,69.0,27.8,13.2,4.8,3.0,1.0,0.2,3.5,0.087,-0.8,0.6,0.584,15.1,20.0,0.4756097560975609,0.789103690685413,0.7768014059753954,0.7565905096660809,0.7627416520210897,0.5492091388400703,0.7082601054481547,0.6449912126537786,0.4349736379613357,6.559999999999999,1,0.0,4.2480561975397367e-08,0.0,
70,2024-25,Nae'Qwan Tomlin,CLE,PF,2025,5.0,12.6,7.2,4.2,0.4,0.0,0.2,0.1,0.093,-5.5,-0.1,0.489,14.4,26.1,0.7804878048780488,0.4982425307557118,0.1063268892794376,0.6898066783831283,0.18717047451669597,0.11423550087873462,0.2521968365553603,0.6045694200351494,0.9551845342706503,2.7,0,0.0,0.0,0.0,
71,2024-25,N'Faly Dante,HOU,C,2025,4.0,12.8,6.0,5.3,0.5,0.3,1.3,0.3,0.283,2.4,0.1,0.789,24.0,13.9,0.6341463414634146,0.3989455184534271,0.13971880492091387,0.8084358523725835,0.2618629173989455,0.8743409490333919,0.4973637961335677,0.9824253075571178,0.8945518453427065,3.295,0,0.0,0.0,0.0,
72,2024-25,Myles Turner,IND,C,2025,72.0,30.2,15.6,6.5,1.5,0.8,2.0,4.7,0.104,0.4,1.3,0.612,16.1,20.7,0.6097560975609756,0.8453427065026362,0.4964850615114236,0.8866432337434095,0.8488576449912126,0.7047451669595782,0.836555360281195,0.7284710017574693,0.7899824253075571,7.715,1,0.0,2.076946741747423e-06,0.0,
73,2024-25,Moussa Diabaté,CHO,C,2025,71.0,17.5,5.7,6.2,0.8,0.6,0.6,3.2,0.125,-1.9,0.0,0.609,16.5,13.4,0.23170731707317072,0.37082601054481545,0.23813708260105448,0.8760984182776801,0.7293497363796133,0.4033391915641476,0.3875219683655536,0.7548330404217927,0.08347978910369068,3.535,0,0.0,0.0,0.0,
74,2024-25,Mouhamed Gueye,ATL,PF,2025,33.0,16.2,6.0,4.2,0.8,0.8,1.0,1.2,0.106,-0.6,0.2,0.52,14.4,15.7,0.4878048780487805,0.3989455184534271,0.23813708260105448,0.6898066783831283,0.46924428822495606,0.5799648506151143,0.5553602811950791,0.6045694200351494,0.48945518453427067,3.07,0,0.0,0.0,0.0,
75,2024-25,Moses Moody,GSW,SG,2025,74.0,22.3,9.8,2.6,1.3,0.8,0.4,3.5,0.102,-0.9,0.5,0.578,12.4,17.4,0.5853658536585366,0.6528998242530756,0.4279437609841828,0.38137082601054484,0.7627416520210897,0.5342706502636204,0.6766256590509666,0.45166959578207383,0.6520210896309314,4.69,1,0.0,1.0786985203532723e-07,0.0,
76,2024-25,Moses Brown,2TM,C,2025,13.0,9.2,5.8,3.4,0.2,0.5,0.3,0.4,0.146,0.1,0.1,0.706,22.4,23.5,0.5684803001876172,0.37697715289982425,0.040421792618629174,0.5527240773286467,0.29349736379613356,0.6616871704745168,0.4973637961335677,0.9692442882249561,0.6028119507908611,2.67,0,0.0,0.0,0.0,
77,2024-25,Moritz Wagner,ORL,C,2025,30.0,18.8,12.9,4.9,1.4,0.8,0.4,2.0,0.174,4.0,0.9,0.649,22.3,26.8,0.5,0.7803163444639719,0.46309314586994726,0.7680140597539543,0.6019332161687171,0.9499121265377856,0.7688927943760984,0.9639718804920914,0.5342706502636204,6.330000000000001,0,0.0,0.0,0.0,
78,2024-25,Monte Morris,PHO,PG,2025,45.0,12.7,5.2,1.5,1.6,0.4,0.1,0.8,0.064,-1.8,0.0,0.546,13.1,18.1,0.4390243902439024,0.3453427065026362,0.5228471001757469,0.19947275922671354,0.39103690685413006,0.4121265377855888,0.3875219683655536,0.5166959578207382,0.3304042179261863,2.3449999999999998,0,0.0,0.0,0.0,
79,2024-25,Mo Bamba,2TM,C,2025,32.0,12.9,4.3,4.5,0.6,0.3,1.0,1.0,0.117,-0.9,0.1,0.557,13.9,15.2,0.5655487804878049,0.28471001757469244,0.17311072056239016,0.7249560632688928,0.429701230228471,0.5342706502636204,0.4973637961335677,0.570298769771529,0.6010544815465729,2.41,0,0.0,0.0,0.0,
80,2024-25,Mitchell Robinson,NYK,C,2025,17.0,17.1,5.1,5.9,0.8,0.9,1.1,1.3,0.221,3.3,0.4,0.676,20.4,11.1,0.6219512195121951,0.3400702987697715,0.23813708260105448,0.8532513181019332,0.4929701230228471,0.9209138840070299,0.6370826010544816,0.9314586994727593,0.8646748681898067,3.42,0,0.0,0.0,0.0,
81,2024-25,Miles Norris,BOS,PF,2025,3.0,11.7,2.3,3.0,0.0,0.7,0.3,0.0,0.049,-1.9,0.0,0.354,8.5,12.4,0.7439024390243901,0.13796133567662566,0.011423550087873463,0.46660808435852374,0.12390158172231985,0.4033391915641476,0.3875219683655536,0.13708260105448156,0.9156414762741653,1.065,0,0.0,0.0,0.0,
82,2024-25,Miles McBride,NYK,SG,2025,64.0,24.9,9.5,2.5,2.9,1.0,0.3,3.2,0.098,0.0,0.8,0.531,12.6,16.8,0.6219512195121951,0.6432337434094904,0.7697715289982425,0.3655536028119508,0.7293497363796133,0.6493848857644992,0.7548330404217927,0.46748681898066785,0.8646748681898067,4.92,1,0.0,4.608168054824344e-07,0.0,
83,2024-25,Miles Bridges,CHO,PF,2025,64.0,31.7,20.3,7.5,3.9,0.7,0.7,3.2,0.075,1.8,2.0,0.541,17.7,28.0,0.2317073170731707,0.9173989455184535,0.8471001757469244,0.9226713532513181,0.7293497363796133,0.8391915641476274,0.9068541300527241,0.8163444639718805,0.06766256590509666,9.83,1,0.0,2.2535936745620846e-07,0.0,
84,2024-25,Luke Kornet,BOS,C,2025,73.0,18.6,6.0,5.3,1.6,0.5,1.0,7.0,0.246,3.3,1.8,0.683,19.6,11.4,0.7439024390243902,0.3989455184534271,0.5228471001757469,0.8084358523725835,0.9384885764499121,0.9209138840070299,0.8919156414762741,0.8989455184534271,0.929701230228471,4.945,0,0.0,0.0,0.0,
85,2024-25,Mikal Bridges,NYK,SF,2025,82.0,37.0,17.6,3.2,3.7,0.9,0.5,5.7,0.09,-0.5,1.2,0.585,14.0,19.6,0.6219512195121951,0.8760984182776801,0.8330404217926186,0.5052724077328646,0.9059753954305799,0.5931458699472759,0.8145869947275922,0.5808435852372583,0.8646748681898067,8.47,1,0.0,3.867668420801792e-06,0.0,
86,2024-25,Michael Porter Jr.,DEN,SF,2025,77.0,33.7,18.2,7.0,2.1,0.6,0.5,6.4,0.118,-0.1,1.2,0.617,16.2,20.2,0.6097560975609756,0.8840070298769771,0.6537785588752196,0.9042179261862917,0.9261862917398945,0.6353251318101933,0.8145869947275922,0.7355008787346221,0.7899824253075571,9.11,1,0.0,3.1820600680453395e-06,0.0,
87,2024-25,Micah Potter,UTA,C,2025,38.0,18.6,4.3,4.3,0.8,0.4,0.4,0.4,0.03,-3.5,-0.3,0.563,8.5,10.3,0.2073170731707317,0.28471001757469244,0.23813708260105448,0.7047451669595782,0.29349736379613356,0.23725834797891038,0.10808435852372583,0.13708260105448156,0.012302284710017574,2.04,0,0.0,0.0,0.0,
88,2024-25,Maxwell Lewis,2TM,SF,2025,28.0,11.7,4.1,2.0,0.7,0.3,0.3,0.2,0.03,-4.4,-0.2,0.516,9.9,16.9,0.39024390243902435,0.2592267135325132,0.2047451669595782,0.2820738137082601,0.23286467486818982,0.1634446397188049,0.15992970123022848,0.23286467486818982,0.2478031634446397,1.4749999999999996,0,0.0,0.0,0.0,
89,2024-25,Maxi Kleber,DAL,PF,2025,34.0,18.7,3.0,2.8,1.3,0.3,0.5,0.3,0.023,-3.8,-0.3,0.489,5.6,8.7,0.4756097560975609,0.17926186291739896,0.4279437609841828,0.4200351493848858,0.2618629173989455,0.2100175746924429,0.10808435852372583,0.0641476274165202,0.4349736379613357,1.4099999999999997,0,0.0,0.0,0.0,
90,2024-25,Max Christie,2TM,SG,2025,78.0,27.3,9.6,3.3,1.9,0.8,0.4,2.7,0.06,-2.5,-0.3,0.57,10.4,15.2,0.5547217010631644,0.6476274165202109,0.6001757469244289,0.5281195079086116,0.6739894551845342,0.335676625659051,0.10808435852372583,0.2697715289982425,0.5940246045694201,4.5249999999999995,1,0.0,7.827054212881222e-09,0.0,
91,2024-25,Luke Travers,CLE,SG,2025,12.0,7.3,1.0,1.7,0.7,0.1,0.1,-0.1,-0.082,-9.7,-0.2,0.287,1.9,13.9,0.7804878048780489,0.048330404217926184,0.2047451669595782,0.2390158172231986,0.0641476274165202,0.040421792618629174,0.15992970123022848,0.033391915641476276,0.9674868189806678,-0.245,0,0.0,0.0,0.0,
92,2024-25,Liam Robbins,MIL,C,2025,13.0,4.4,0.7,0.9,0.2,0.2,0.2,-0.1,-0.066,-10.5,-0.1,0.363,2.6,14.2,0.5853658536585366,0.027240773286467488,0.040421792618629174,0.0852372583479789,0.0641476274165202,0.03163444639718805,0.2521968365553603,0.03866432337434095,0.6520210896309314,-0.6500000000000001,0,0.0,0.0,0.0,
93,2024-25,Luke Kennard,MEM,SG,2025,65.0,22.6,8.9,2.8,3.3,0.8,0.1,3.9,0.127,1.1,1.2,0.631,13.6,14.5,0.5853658536585366,0.5966608084358523,0.7987697715289982,0.4200351493848858,0.7917398945518453,0.7882249560632689,0.8145869947275922,0.5456942003514939,0.6520210896309314,5.085000000000001,1,0.0,3.239485562505869e-07,0.0,
94,2024-25,Karlo Matković,NOP,PF,2025,42.0,18.8,7.7,5.0,1.1,0.5,1.0,1.6,0.096,-2.0,0.0,0.639,15.6,15.9,0.2560975609756097,0.5281195079086116,0.3602811950790861,0.7794376098418277,0.5342706502636204,0.3936731107205624,0.3875219683655536,0.6827768014059754,0.10896309314586995,3.785,0,0.0,0.0,0.0,
95,2024-25,Kevin Durant,PHO,PF,2025,62.0,36.5,26.6,6.0,4.2,0.8,1.2,5.2,0.111,3.2,3.0,0.642,21.2,28.7,0.4390243902439024,0.9894551845342706,0.8629173989455184,0.8602811950790861,0.8787346221441125,0.9121265377855887,0.9490333919156415,0.945518453427065,0.3304042179261863,12.41,1,0.0,2.3921669686121943e-05,0.0,
96,2024-25,Kessler Edwards,DAL,SF,2025,40.0,15.2,4.2,2.9,1.1,0.5,0.5,1.2,0.096,-1.4,0.1,0.597,11.3,11.1,0.47560975609756084,0.273286467486819,0.3602811950790861,0.44112478031634444,0.46924428822495606,0.4727592267135325,0.4973637961335677,0.351493848857645,0.4103690685413005,2.225,0,0.0,0.0,0.0,
97,2024-25,Keshad Johnson,MIA,SF,2025,16.0,6.1,2.7,1.8,0.3,0.3,0.3,0.4,0.181,-0.1,0.0,0.718,19.1,15.4,0.4512195121951219,0.16520210896309315,0.070298769771529,0.25746924428822493,0.29349736379613356,0.6353251318101933,0.3875219683655536,0.883128295254833,0.37785588752196836,1.345,0,0.0,0.0,0.0,
98,2024-25,Keon Johnson,BRK,SG,2025,79.0,24.4,10.6,3.8,2.2,1.0,0.4,0.5,0.014,-3.3,-0.6,0.499,10.4,21.7,0.3170731707317073,0.70298769771529,0.6704745166959578,0.6291739894551845,0.3216168717047452,0.2504393673110721,0.048330404217926184,0.2697715289982425,0.18189806678383127,4.489999999999999,1,0.0,2.998540692576666e-10,0.0,
99,2024-25,Keon Ellis,SAC,SG,2025,80.0,24.4,8.3,2.7,1.5,1.5,0.8,5.0,0.122,1.9,1.9,0.664,13.5,12.7,0.4878048780487805,0.5518453427065027,0.4964850615114236,0.3998242530755712,0.8585237258347979,0.8471001757469244,0.8998242530755711,0.5369068541300527,0.48945518453427067,4.800000000000001,1,0.0,6.50877543018857e-08,0.0,
100,2024-25,Kentavious Caldwell-Pope,ORL,SG,2025,77.0,29.6,8.7,2.2,1.8,1.3,0.4,4.6,0.096,-1.4,0.3,0.574,9.9,12.4,0.5,0.5790861159929701,0.5773286467486819,0.3172231985940246,0.8418277680140598,0.4727592267135325,0.5966608084358523,0.23286467486818982,0.5342706502636204,4.515,1,0.0,1.0402016632129429e-08,0.0,
101,2024-25,Kenrich Williams,OKC,PF,2025,69.0,16.4,6.3,3.5,1.4,0.6,0.1,3.6,0.151,0.6,0.7,0.587,13.7,15.4,0.8292682926829268,0.4182776801405975,0.46309314586994726,0.5738137082601055,0.7741652021089631,0.7284710017574693,0.7328646748681898,0.5553602811950791,0.984182776801406,3.7899999999999996,0,0.0,0.0,0.0,
102,2024-25,Kelly Olynyk,2TM,C,2025,44.0,20.3,8.7,4.7,2.9,0.8,0.4,1.7,0.092,-0.7,0.3,0.609,14.9,18.5,0.3159645232815964,0.5790861159929701,0.7697715289982425,0.7442882249560633,0.5500878734622144,0.5650263620386643,0.5966608084358523,0.6353251318101933,0.16695957820738136,4.599999999999999,1,0.0,1.6569358645165303e-09,0.0,
103,2024-25,Keldon Johnson,SAS,SF,2025,77.0,23.9,12.7,4.8,1.6,0.6,0.3,3.2,0.083,-1.6,0.2,0.572,15.6,21.6,0.4146341463414634,0.7768014059753954,0.5228471001757469,0.7565905096660809,0.7293497363796133,0.4428822495606327,0.5553602811950791,0.6827768014059754,0.2759226713532513,5.965,1,0.0,1.810582455935528e-08,0.0,
104,2024-25,Kel'el Ware,MIA,C,2025,64.0,22.2,9.3,7.4,0.9,0.6,1.1,4.1,0.14,-0.1,0.7,0.603,17.4,17.2,0.4512195121951219,0.6282952548330404,0.2750439367311072,0.9182776801405975,0.804920913884007,0.6353251318101933,0.7328646748681898,0.7978910369068541,0.37785588752196836,5.355,1,0.0,4.6281123400302807e-08,0.0,
105,2024-25,Keion Brooks Jr.,NOP,SF,2025,14.0,23.7,10.1,4.1,0.9,0.7,0.7,0.4,0.057,-3.5,-0.1,0.581,12.8,17.1,0.2560975609756097,0.6731107205623902,0.2750439367311072,0.6775043936731108,0.29349736379613356,0.23725834797891038,0.2521968365553603,0.48857644991212656,0.10896309314586995,4.0600000000000005,0,0.0,0.0,0.0,
106,2024-25,Keegan Murray,SAC,PF,2025,76.0,34.3,12.4,6.7,1.4,0.8,0.9,4.4,0.082,-1.6,0.2,0.553,12.0,15.0,0.4878048780487805,0.7653778558875219,0.46309314586994726,0.8945518453427065,0.8321616871704746,0.4428822495606327,0.5553602811950791,0.4077328646748682,0.48945518453427067,6.345,1,0.0,1.5468671839603723e-08,0.0,
107,2024-25,Keaton Wallace,ATL,PG,2025,31.0,16.2,5.4,1.6,2.6,0.9,0.3,0.4,0.034,-2.3,0.0,0.503,10.1,16.4,0.4878048780487805,0.359402460456942,0.7363796133567663,0.22056239015817222,0.29349736379613356,0.3585237258347979,0.3875219683655536,0.2451669595782074,0.48945518453427067,2.5000000000000004,0,0.0,0.0,0.0,
108,2024-25,Kawhi Leonard,LAC,SF,2025,37.0,31.9,21.5,5.9,3.1,1.6,0.5,3.5,0.141,3.1,1.5,0.589,20.5,27.7,0.6097560975609756,0.9349736379613357,0.7838312829525483,0.8532513181019332,0.7627416520210897,0.9015817223198594,0.8558875219683656,0.9332161687170475,0.7899824253075571,10.04,1,0.0,8.398130375455992e-06,0.0,
109,2024-25,Karl-Anthony Towns,NYK,C,2025,72.0,35.0,24.4,12.8,3.1,1.0,0.7,10.1,0.193,3.6,3.5,0.63,23.4,27.4,0.6219512195121951,0.9674868189806678,0.7838312829525483,0.9982425307557118,0.9876977152899824,0.9393673110720563,0.9692442882249561,0.9780316344463972,0.8646748681898067,13.459999999999999,1,0.0,0.0017356168666222164,0.0,
110,2024-25,Luka Garza,MIN,C,2025,39.0,5.6,3.5,1.4,0.3,0.2,0.1,0.7,0.144,-2.3,0.0,0.573,18.8,26.2,0.5975609756097561,0.20913884007029876,0.070298769771529,0.18014059753954306,0.3655536028119508,0.3585237258347979,0.3875219683655536,0.8699472759226714,0.7144112478031635,1.4049999999999998,0,0.0,0.0,0.0,
111,2024-25,Kai Jones,2TM,C,2025,40.0,11.7,5.0,3.1,0.6,0.4,0.6,2.1,0.216,2.9,0.6,0.804,20.2,13.0,0.5695121951219513,0.3321616871704745,0.17311072056239016,0.4876977152899824,0.6115992970123023,0.8892794376098418,0.7082601054481547,0.9261862917398945,0.6045694200351494,3.045,0,0.0,0.0,0.0,
112,2024-25,KJ Simpson,CHO,PG,2025,36.0,23.4,7.8,3.0,3.1,0.9,0.2,-0.4,-0.025,-5.4,-0.7,0.437,8.3,19.1,0.2317073170731707,0.5307557117750439,0.7838312829525483,0.46660808435852374,0.016695957820738138,0.12126537785588752,0.03602811950790861,0.12917398945518455,0.06766256590509666,3.1799999999999997,1,0.0,1.528271514441767e-11,0.0,
113,2024-25,KJ Martin,2TM,PF,2025,43.0,21.2,6.4,2.9,1.1,0.4,0.5,1.3,0.068,-3.6,-0.4,0.618,10.2,11.5,0.2549631310266591,0.4253075571177504,0.3602811950790861,0.44112478031634444,0.4929701230228471,0.22934973637961337,0.07644991212653779,0.2548330404217926,0.09314586994727592,2.7950000000000004,1,0.0,3.933792213710456e-11,0.0,
114,2024-25,Jusuf Nurkić,2TM,C,2025,51.0,20.8,8.9,7.8,2.3,0.8,0.7,1.5,0.066,-1.3,0.2,0.555,15.2,20.6,0.3333333333333333,0.5966608084358523,0.6898066783831283,0.9323374340949033,0.5202108963093146,0.4859402460456942,0.5553602811950791,0.6537785588752196,0.2038664323374341,4.914999999999999,1,0.0,1.622414873111705e-09,0.0,
115,2024-25,Justin Minaya,POR,SF,2025,19.0,5.3,0.9,0.5,0.4,0.3,0.1,0.0,-0.007,-5.4,-0.1,0.411,5.0,11.1,0.4390243902439024,0.040421792618629174,0.1063268892794376,0.03163444639718805,0.12390158172231985,0.12126537785588752,0.2521968365553603,0.05799648506151142,0.3304042179261863,-0.07,0,0.0,0.0,0.0,
116,2024-25,Justin Edwards,PHI,SF,2025,44.0,26.3,10.1,3.4,1.6,1.0,0.4,0.9,0.039,-3.7,-0.5,0.559,11.3,16.9,0.2926829268292683,0.6731107205623902,0.5228471001757469,0.5527240773286467,0.4086115992970123,0.21968365553602812,0.06063268892794376,0.351493848857645,0.14674868189806678,4.174999999999999,1,0.0,7.285451364297338e-11,0.0,
117,2024-25,Justin Champagnie,WAS,SF,2025,62.0,21.6,8.8,5.7,1.0,1.0,0.6,2.8,0.1,-0.5,0.5,0.614,15.7,15.6,0.2195121951219512,0.5905096660808435,0.31370826010544817,0.8374340949033392,0.68804920913884,0.5931458699472759,0.6766256590509666,0.6898066783831283,0.04130052724077329,4.645,1,0.0,4.260762191950317e-10,0.0,
118,2024-25,Julius Randle,MIN,PF,2025,69.0,32.3,18.7,7.1,4.7,0.7,0.2,6.2,0.134,1.3,1.8,0.593,17.5,25.0,0.5975609756097561,0.8945518453427065,0.8989455184534271,0.9086115992970123,0.9200351493848857,0.8084358523725835,0.8919156414762741,0.8031634446397188,0.7144112478031635,9.92,1,0.0,2.030350021465e-05,0.0,
119,2024-25,Julian Strawther,DEN,SG,2025,65.0,21.3,9.0,2.2,1.3,0.6,0.2,1.3,0.043,-4.5,-0.9,0.559,9.5,17.8,0.6097560975609756,0.6063268892794376,0.4279437609841828,0.3172231985940246,0.4929701230228471,0.1608084358523726,0.021968365553602813,0.18980667838312829,0.7899824253075571,3.55,1,0.0,5.073075495539843e-09,0.0,
120,2024-25,Julian Phillips,CHI,SF,2025,79.0,14.2,4.6,2.1,0.5,0.5,0.3,1.9,0.08,-3.0,-0.3,0.571,10.2,12.9,0.47560975609756095,0.31282952548330406,0.13971880492091387,0.29964850615114236,0.5869947275922671,0.28031634446397186,0.10808435852372583,0.2548330404217926,0.45606326889279436,2.1049999999999995,0,0.0,0.0,0.0,
121,2024-25,Julian Champagnie,SAS,SF,2025,82.0,23.6,9.9,3.9,1.4,0.7,0.4,2.5,0.062,-1.3,0.4,0.577,12.2,17.2,0.4146341463414634,0.6590509666080844,0.46309314586994726,0.648506151142355,0.6511423550087874,0.4859402460456942,0.6370826010544816,0.429701230228471,0.2759226713532513,4.7,1,0.0,4.248503719171362e-09,0.0,
122,2024-25,Josh Richardson,MIA,SG,2025,8.0,18.8,4.0,1.5,1.5,1.0,0.1,-0.1,-0.021,-6.7,-0.2,0.402,4.4,14.1,0.4512195121951219,0.2478031634446397,0.4964850615114236,0.19947275922671354,0.0641476274165202,0.08875219683655536,0.15992970123022848,0.05272407732864675,0.37785588752196836,1.2349999999999999,0,0.0,0.0,0.0,
123,2024-25,Josh Okogie,2TM,SG,2025,40.0,15.6,7.1,2.8,0.8,1.2,0.5,1.3,0.1,1.5,0.6,0.567,16.3,19.5,0.361280487804878,0.4868189806678383,0.23813708260105448,0.4200351493848858,0.4929701230228471,0.819859402460457,0.7082601054481547,0.7416520210896309,0.210896309314587,3.475,0,0.0,0.0,0.0,
124,2024-25,Josh Minott,MIN,SF,2025,46.0,6.0,2.6,1.0,0.4,0.3,0.3,0.9,0.153,2.2,0.3,0.605,15.5,17.2,0.5975609756097561,0.15905096660808435,0.1063268892794376,0.10281195079086115,0.4086115992970123,0.8637961335676626,0.5966608084358523,0.6748681898066784,0.7144112478031635,1.5399999999999998,0,0.0,0.0,0.0,
125,2024-25,Kevin Huerter,2TM,SG,2025,69.0,24.3,9.9,3.0,2.3,1.0,0.3,1.9,0.054,-2.0,0.0,0.544,11.3,17.5,0.48320961470484275,0.6590509666080844,0.6898066783831283,0.46660808435852374,0.5869947275922671,0.3936731107205624,0.3875219683655536,0.351493848857645,0.46221441124780316,4.555,1,0.0,5.274304124287438e-09,0.0,
126,2024-25,Kevin Knox,GSW,SF,2025,14.0,6.0,3.3,1.2,0.4,0.1,0.3,0.2,0.121,-1.3,0.0,0.582,17.1,21.8,0.5853658536585366,0.19507908611599298,0.1063268892794376,0.13796133567662566,0.23286467486818982,0.4859402460456942,0.3875219683655536,0.7838312829525483,0.6520210896309314,1.3249999999999997,0,0.0,0.0,0.0,
127,2024-25,Kevin Love,MIA,PF,2025,23.0,10.9,5.3,4.1,1.0,0.7,0.2,0.4,0.083,0.4,0.2,0.488,16.2,24.6,0.4512195121951219,0.351493848857645,0.31370826010544817,0.6775043936731108,0.29349736379613356,0.7047451669595782,0.5553602811950791,0.7355008787346221,0.37785588752196836,2.7899999999999996,0,0.0,0.0,0.0,
128,2024-25,Kevin McCullar Jr.,NYK,SF,2025,4.0,7.3,1.5,2.0,0.5,0.3,0.3,0.0,0.06,-7.2,0.0,0.381,6.7,11.8,0.6219512195121951,0.07117750439367311,0.13971880492091387,0.2820738137082601,0.12390158172231985,0.07381370826010544,0.3875219683655536,0.08699472759226713,0.8646748681898067,0.20499999999999974,0,0.0,0.0,0.0,
129,2024-25,Luka Dončić,2TM,PG,2025,50.0,35.4,28.2,8.2,7.7,1.8,0.4,5.9,0.16,6.7,3.9,0.587,24.1,33.9,0.5507317073170731,0.9947275922671354,0.9894551845342706,0.9481546572934973,0.9147627416520211,0.9894551845342706,0.9815465729349736,0.984182776801406,0.5922671353251318,14.49,1,0.0,0.0009691228661638709,0.0,
130,2024-25,Luguentz Dort,OKC,SF,2025,71.0,29.2,10.1,4.1,1.6,1.1,0.5,5.6,0.129,0.2,1.2,0.586,11.3,13.6,0.8292682926829268,0.6731107205623902,0.5228471001757469,0.6775043936731108,0.8989455184534271,0.672231985940246,0.8145869947275922,0.351493848857645,0.984182776801406,5.609999999999999,1,0.0,1.6685814481308677e-06,0.0,
131,2024-25,Lonzo Ball,CHI,PG,2025,35.0,22.2,7.6,3.4,3.3,1.3,0.5,1.2,0.075,0.2,0.4,0.524,12.2,15.9,0.47560975609756095,0.523725834797891,0.7987697715289982,0.5527240773286467,0.46924428822495606,0.672231985940246,0.6370826010544816,0.429701230228471,0.45606326889279436,4.09,1,0.0,5.278861650391379e-09,0.0,
132,2024-25,Lonnie Walker IV,PHI,SG,2025,20.0,23.9,12.4,3.2,2.5,0.5,0.3,0.3,0.033,-2.4,0.0,0.548,13.1,22.8,0.2926829268292683,0.7653778558875219,0.7223198594024605,0.5052724077328646,0.2618629173989455,0.3453427065026362,0.3875219683655536,0.5166959578207382,0.14674868189806678,5.14,0,0.0,0.0,0.0,
133,2024-25,Lindy Waters III,2TM,SG,2025,52.0,15.0,4.9,2.1,1.0,0.5,0.2,1.0,0.062,-2.8,-0.2,0.504,8.8,14.8,0.572232645403377,0.3251318101933216,0.31370826010544817,0.29964850615114236,0.429701230228471,0.29701230228471004,0.15992970123022848,0.14850615114235502,0.6063268892794376,2.1500000000000004,0,0.0,0.0,0.0,
134,2024-25,Lester Quiñones,2TM,SG,2025,13.0,14.1,6.6,1.5,1.8,0.2,0.2,-0.1,-0.025,-6.1,-0.2,0.514,9.5,22.6,0.26735459662288924,0.44903339191564146,0.5773286467486819,0.19947275922671354,0.0641476274165202,0.10456942003514938,0.15992970123022848,0.18980667838312829,0.1265377855887522,2.2649999999999997,0,0.0,0.0,0.0,
135,2024-25,Leonard Miller,MIN,SF,2025,13.0,2.5,1.5,0.8,0.0,0.2,0.1,0.1,0.145,-3.7,0.0,0.54,19.9,27.8,0.5975609756097561,0.07117750439367311,0.011423550087873463,0.07205623901581722,0.18717047451669597,0.21968365553602812,0.3875219683655536,0.9103690685413005,0.7144112478031635,0.2949999999999999,0,0.0,0.0,0.0,
136,2024-25,Lauri Markkanen,UTA,PF,2025,47.0,31.4,19.0,5.9,1.5,0.7,0.4,2.2,0.07,-0.3,0.7,0.571,15.6,24.0,0.20731707317073172,0.9007029876977153,0.4964850615114236,0.8532513181019332,0.6177504393673111,0.6133567662565905,0.7328646748681898,0.6827768014059754,0.026362038664323375,8.245,1,0.0,3.950523687938919e-09,0.0,
137,2024-25,Larry Nance Jr.,ATL,PF,2025,24.0,19.3,8.5,4.3,1.6,0.8,0.5,1.3,0.131,1.8,0.4,0.632,16.0,15.7,0.4878048780487805,0.5632688927943761,0.5228471001757469,0.7047451669595782,0.4929701230228471,0.8391915641476274,0.6370826010544816,0.718804920913884,0.48945518453427067,4.38,0,0.0,0.0,0.0,
138,2024-25,Landry Shamet,NYK,SG,2025,50.0,15.2,5.7,1.2,0.5,0.5,0.0,1.0,0.065,-2.4,-0.1,0.601,9.7,14.8,0.6219512195121951,0.37082601054481545,0.13971880492091387,0.13796133567662566,0.429701230228471,0.3453427065026362,0.2521968365553603,0.2038664323374341,0.8646748681898067,2.2350000000000003,0,0.0,0.0,0.0,
139,2024-25,Lamar Stevens,MEM,PF,2025,17.0,9.1,4.4,2.2,0.5,0.3,0.2,0.2,0.052,-4.2,-0.1,0.545,11.5,20.2,0.5853658536585366,0.29437609841827767,0.13971880492091387,0.3172231985940246,0.23286467486818982,0.17750439367311072,0.2521968365553603,0.3655536028119508,0.6520210896309314,1.5900000000000003,0,0.0,0.0,0.0,
140,2024-25,Kyshawn George,WAS,SG,2025,68.0,26.5,8.7,4.2,2.5,1.0,0.7,0.1,0.003,-4.1,-0.9,0.503,8.8,15.9,0.2195121951219512,0.5790861159929701,0.7223198594024605,0.6898066783831283,0.18717047451669597,0.18629173989455183,0.021968365553602813,0.14850615114235502,0.04130052724077329,3.7849999999999993,1,0.0,1.5307745150968295e-11,0.0,
141,2024-25,Kyrie Irving,DAL,SG,2025,50.0,36.1,24.7,4.8,4.6,1.3,0.5,4.6,0.124,3.4,2.5,0.594,19.9,27.4,0.4756097560975609,0.9745166959578208,0.8954305799648506,0.7565905096660809,0.8418277680140598,0.9261862917398945,0.9332161687170475,0.9103690685413005,0.4349736379613357,11.545,1,0.0,1.0518003506878303e-05,0.0,
142,2024-25,Kylor Kelley,2TM,C,2025,11.0,11.5,3.1,3.5,0.5,0.1,0.3,0.3,0.102,-5.4,-0.1,0.644,12.1,10.3,0.4157427937915742,0.18541300527240773,0.13971880492091387,0.5738137082601055,0.2618629173989455,0.12126537785588752,0.2521968365553603,0.4182776801405975,0.29173989455184535,1.23,0,0.0,0.0,0.0,
143,2024-25,Kyle Lowry,PHI,PG,2025,35.0,18.8,3.9,1.9,2.7,0.9,0.3,1.0,0.07,-1.3,0.1,0.525,9.8,10.1,0.2926829268292683,0.24077328646748683,0.7486818980667839,0.2697715289982425,0.429701230228471,0.4859402460456942,0.4973637961335677,0.2179261862917399,0.14674868189806678,2.2600000000000002,0,0.0,0.0,0.0,
144,2024-25,Kyle Kuzma,2TM,PF,2025,65.0,29.8,14.8,5.7,2.3,0.6,0.3,-0.9,-0.024,-4.9,-1.4,0.514,10.6,24.0,0.4052532833020638,0.8330404217926186,0.6898066783831283,0.8374340949033392,0.005272407732864675,0.14323374340949033,0.006151142355008787,0.28383128295254834,0.2601054481546573,5.824999999999999,1,0.0,1.9153178763814034e-10,0.0,
145,2024-25,Kyle Filipowski,UTA,C,2025,72.0,21.1,9.6,6.1,1.9,0.7,0.3,2.5,0.078,-1.0,0.4,0.594,14.9,18.7,0.2073170731707317,0.6476274165202109,0.6001757469244289,0.8681898066783831,0.6511423550087874,0.5193321616871704,0.6370826010544816,0.6353251318101933,0.012302284710017574,5.055,1,0.0,7.128129506437312e-10,0.0,
146,2024-25,Kyle Anderson,2TM,PF,2025,61.0,16.4,5.9,3.4,2.4,0.7,0.5,2.8,0.135,1.5,0.9,0.538,15.1,15.9,0.5303878448620551,0.3866432337434095,0.7082601054481547,0.5527240773286467,0.68804920913884,0.819859402460457,0.7688927943760984,0.6449912126537786,0.5553602811950791,3.7649999999999997,0,0.0,0.0,0.0,
147,2024-25,Kristaps Porziņģis,BOS,C,2025,42.0,28.8,19.5,6.8,2.1,0.7,1.5,5.3,0.212,4.7,2.1,0.618,22.3,25.9,0.7439024390243902,0.9121265377855887,0.6537785588752196,0.8971880492091389,0.8875219683655536,0.9692442882249561,0.9130052724077329,0.9639718804920914,0.929701230228471,9.795,1,0.0,0.0007825323296888285,0.0,
148,2024-25,Kris Murray,POR,SF,2025,69.0,15.1,4.2,2.6,1.0,0.5,0.2,0.7,0.033,-3.0,-0.3,0.472,9.1,13.9,0.4390243902439024,0.273286467486819,0.31370826010544817,0.38137082601054484,0.3655536028119508,0.28031634446397186,0.10808435852372583,0.1625659050966608,0.3304042179261863,1.9000000000000001,0,0.0,0.0,0.0,
149,2024-25,Kris Dunn,LAC,PG,2025,74.0,24.1,6.4,3.4,2.8,1.7,0.4,4.0,0.108,0.6,1.2,0.531,11.3,12.7,0.6097560975609756,0.4253075571177504,0.7592267135325131,0.5527240773286467,0.7996485061511424,0.7284710017574693,0.8145869947275922,0.351493848857645,0.7899824253075571,4.169999999999999,1,0.0,8.079139020627658e-08,0.0,
150,2024-25,Kobe Bufkin,ATL,SG,2025,10.0,12.4,5.3,2.1,1.7,0.3,0.2,0.0,0.018,-4.0,-0.1,0.483,10.5,20.8,0.4878048780487805,0.351493848857645,0.5500878734622144,0.29964850615114236,0.12390158172231985,0.1977152899824253,0.2521968365553603,0.27768014059753954,0.48945518453427067,2.11,0,0.0,0.0,0.0,
151,2024-25,Kobe Brown,LAC,PF,2025,40.0,6.8,1.9,1.6,0.6,0.2,0.1,0.5,0.085,-2.1,0.0,0.513,10.8,14.0,0.6097560975609756,0.10984182776801406,0.17311072056239016,0.22056239015817222,0.3216168717047452,0.38488576449912126,0.3875219683655536,0.29964850615114236,0.7899824253075571,0.915,0,0.0,0.0,0.0,
152,2024-25,Klay Thompson,DAL,SF,2025,72.0,27.3,14.0,3.4,2.0,0.7,0.4,1.8,0.045,-1.0,0.5,0.552,12.9,21.8,0.47560975609756084,0.8031634446397188,0.6274165202108963,0.5527240773286467,0.5685413005272407,0.5193321616871704,0.6766256590509666,0.5008787346221442,0.4103690685413005,6.07,1,0.0,3.201058408779047e-08,0.0,
153,2024-25,Killian Hayes,BRK,PG,2025,6.0,27.0,9.0,3.0,5.2,0.7,0.7,0.3,0.095,-0.6,0.1,0.559,12.7,15.5,0.3170731707317073,0.6063268892794376,0.9235500878734623,0.46660808435852374,0.2618629173989455,0.5799648506151143,0.4973637961335677,0.4789103690685413,0.18189806678383127,4.64,0,0.0,0.0,0.0,
154,2024-25,Khris Middleton,2TM,SF,2025,37.0,22.8,11.9,3.7,4.1,0.9,0.2,2.0,0.116,0.7,0.6,0.588,16.7,22.0,0.4469347396176664,0.7416520210896309,0.8550087873462214,0.6080843585237259,0.6019332161687171,0.7416520210896309,0.7082601054481547,0.7715289982425307,0.36379613356766255,6.010000000000001,1,0.0,7.010610741162758e-08,0.0,
155,2024-25,Keyonte George,UTA,PG,2025,67.0,31.5,16.8,3.8,5.6,0.7,0.1,1.1,0.024,-2.7,-0.3,0.539,12.9,24.3,0.2073170731707317,0.8602811950790861,0.9420035149384886,0.6291739894551845,0.44991212653778556,0.3110720562390158,0.10808435852372583,0.5008787346221442,0.012302284710017574,7.52,1,0.0,1.192299645430682e-09,0.0,
156,2024-25,Kevon Looney,GSW,C,2025,76.0,15.0,4.5,6.1,1.6,0.6,0.5,4.3,0.182,0.3,0.7,0.535,17.0,13.3,0.5853658536585366,0.30404217926186294,0.5228471001757469,0.8681898066783831,0.8189806678383128,0.6862917398945518,0.7328646748681898,0.7803163444639719,0.6520210896309314,3.6999999999999997,0,0.0,0.0,0.0,
157,2024-25,Kevin Porter Jr.,2TM,SG,2025,75.0,19.8,10.3,3.7,3.4,1.1,0.2,2.2,0.072,-0.6,0.5,0.531,15.4,25.4,0.6,0.687170474516696,0.8093145869947276,0.6080843585237259,0.6177504393673111,0.5799648506151143,0.6766256590509666,0.6678383128295254,0.7328646748681898,5.220000000000001,0,0.0,0.0,0.0,
158,2024-25,Nicolas Batum,LAC,PF,2025,78.0,17.5,4.0,2.8,1.1,0.7,0.5,3.5,0.124,0.8,1.0,0.633,10.3,9.0,0.6097560975609756,0.2478031634446397,0.3602811950790861,0.4200351493848858,0.7627416520210897,0.7583479789103691,0.7794376098418277,0.26362038664323373,0.7899824253075571,2.8200000000000003,0,0.0,0.0,0.0,
159,2024-25,A.J. Green,MIL,SG,2025,73.0,22.7,7.4,2.4,1.5,0.5,0.1,2.8,0.082,-2.2,-0.1,0.621,9.2,12.6,0.5853658536585366,0.5149384885764499,0.4964850615114236,0.3471001757469244,0.68804920913884,0.37434094903339193,0.2521968365553603,0.17223198594024605,0.6520210896309314,3.5899999999999994,1,0.0,9.417211148283352e-09,0.0,
160,2024-25,Nikola Jović,MIA,PF,2025,46.0,25.1,10.7,3.9,2.8,0.8,0.3,2.5,0.104,0.3,0.7,0.595,13.8,18.3,0.4512195121951219,0.7073813708260105,0.7592267135325131,0.648506151142355,0.6511423550087874,0.6862917398945518,0.7328646748681898,0.5632688927943761,0.37785588752196836,5.42,1,0.0,2.559161349207526e-08,0.0,
161,2024-25,Toumani Camara,POR,PF,2025,78.0,32.7,11.3,5.8,2.2,1.5,0.6,5.2,0.097,-0.1,1.2,0.572,12.5,14.4,0.43902439024390244,0.7311072056239016,0.6704745166959578,0.8453427065026362,0.8787346221441125,0.6353251318101933,0.8145869947275922,0.45869947275922673,0.35764499121265375,6.295000000000001,1,0.0,1.3302855879188844e-08,0.0,
162,2024-25,Tim Hardaway Jr.,DET,SG,2025,77.0,28.0,11.0,2.4,1.6,0.5,0.1,3.5,0.077,-2.1,0.0,0.567,9.8,15.5,0.5365853658536586,0.7179261862917399,0.5228471001757469,0.3471001757469244,0.7627416520210897,0.38488576449912126,0.3875219683655536,0.2179261862917399,0.5729349736379613,5.0200000000000005,1,0.0,2.6995182317134022e-08,0.0,
163,2024-25,Tobias Harris,DET,PF,2025,73.0,31.6,13.7,5.9,2.2,1.0,0.8,5.2,0.108,0.1,1.2,0.571,13.9,17.6,0.5365853658536586,0.7978910369068541,0.6704745166959578,0.8532513181019332,0.8787346221441125,0.6616871704745168,0.8145869947275922,0.570298769771529,0.5729349736379613,7.169999999999999,1,0.0,2.5210513342891247e-07,0.0,
164,2024-25,Tolu Smith,DET,PF,2025,1.0,22.0,14.0,8.0,0.0,0.0,0.0,0.1,0.128,-8.9,0.0,0.678,19.5,23.6,0.5365853658536586,0.8031634446397188,0.011423550087873463,0.9393673110720563,0.18717047451669597,0.043936731107205626,0.3875219683655536,0.8954305799648506,0.5729349736379613,5.229999999999999,0,0.0,0.0,0.0,
165,2024-25,Tony Bradley,IND,C,2025,14.0,8.1,4.4,3.0,0.4,0.1,0.6,0.4,0.187,1.2,0.1,0.64,23.2,20.1,0.6097560975609756,0.29437609841827767,0.1063268892794376,0.46660808435852374,0.29349736379613356,0.7978910369068541,0.4973637961335677,0.9753954305799648,0.7899824253075571,2.2700000000000005,0,0.0,0.0,0.0,
166,2024-25,Torrey Craig,2TM,SF,2025,26.0,12.1,4.2,2.8,0.7,0.3,0.5,0.8,0.122,-0.9,0.1,0.567,12.9,14.1,0.6510318949343339,0.273286467486819,0.2047451669595782,0.4200351493848858,0.39103690685413006,0.5342706502636204,0.4973637961335677,0.5008787346221442,0.9103690685413005,2.1,0,0.0,0.0,0.0,
167,2024-25,Tosan Evbuomwan,BRK,SF,2025,28.0,23.8,9.5,4.3,2.0,0.9,0.4,0.6,0.044,-3.2,-0.2,0.53,11.6,19.1,0.3170731707317073,0.6432337434094904,0.6274165202108963,0.7047451669595782,0.3391915641476274,0.2627416520210896,0.15992970123022848,0.37170474516695956,0.18189806678383127,4.169999999999999,0,0.0,0.0,0.0,
168,2024-25,Trayce Jackson-Davis,GSW,C,2025,62.0,15.6,6.6,5.0,1.7,0.4,0.6,3.4,0.167,1.2,0.8,0.587,18.5,17.1,0.5853658536585366,0.44903339191564146,0.5500878734622144,0.7794376098418277,0.7486818980667839,0.7978910369068541,0.7548330404217927,0.8602811950790861,0.6520210896309314,4.199999999999999,0,0.0,0.0,0.0,
169,2024-25,Spencer Jones,DEN,SF,2025,20.0,6.3,1.3,0.9,0.3,0.3,0.3,-0.1,-0.031,-8.5,-0.2,0.368,4.5,13.7,0.6097560975609756,0.05799648506151142,0.070298769771529,0.0852372583479789,0.0641476274165202,0.04745166959578207,0.15992970123022848,0.054481546572934976,0.7899824253075571,-0.2200000000000002,0,0.0,0.0,0.0,
170,2024-25,Tre Jones,2TM,PG,2025,46.0,19.7,7.2,2.5,4.2,0.8,0.2,2.9,0.155,1.5,0.8,0.617,16.3,14.1,0.43849416755037113,0.4982425307557118,0.8629173989455184,0.3655536028119508,0.7003514938488576,0.819859402460457,0.7548330404217927,0.7416520210896309,0.3022847100175747,4.465000000000001,0,0.0,0.0,0.0,
171,2024-25,Tre Mann,CHO,PG,2025,13.0,24.5,14.1,2.9,3.0,0.5,0.3,0.1,0.019,-2.4,0.0,0.537,13.3,26.0,0.2317073170731707,0.8093145869947276,0.7768014059753954,0.44112478031634444,0.18717047451669597,0.3453427065026362,0.3875219683655536,0.5254833040421792,0.06766256590509666,5.749999999999999,0,0.0,0.0,0.0,
172,2024-25,Trendon Watford,BRK,PF,2025,44.0,20.8,10.2,3.6,2.6,0.6,0.3,0.7,0.038,-3.1,-0.3,0.557,13.0,23.3,0.3170731707317073,0.680140597539543,0.7363796133567663,0.5896309314586995,0.3655536028119508,0.273286467486819,0.10808435852372583,0.5114235500878734,0.18189806678383127,4.459999999999999,1,0.0,7.553664010234875e-10,0.0,
173,2024-25,Trentyn Flowers,LAC,SF,2025,6.0,4.5,1.8,0.7,0.0,0.0,0.0,0.0,-0.033,-8.3,0.0,0.446,4.3,21.5,0.6097560975609756,0.10105448154657294,0.011423550087873463,0.056239015817223195,0.12390158172231985,0.0492091388400703,0.3875219683655536,0.050966608084358524,0.7899824253075571,-0.09500000000000008,0,0.0,0.0,0.0,
174,2024-25,Trevelin Queen,ORL,SG,2025,31.0,13.9,4.9,1.7,1.2,1.0,0.3,0.7,0.074,-0.3,0.2,0.486,11.9,18.1,0.5,0.3251318101933216,0.3998242530755712,0.2390158172231986,0.3655536028119508,0.6133567662565905,0.5553602811950791,0.3945518453427065,0.5342706502636204,2.3200000000000003,0,0.0,0.0,0.0,
175,2024-25,Trey Alexander,DEN,SG,2025,24.0,4.9,1.3,0.5,0.5,0.1,0.0,-0.2,-0.077,-9.7,-0.2,0.374,2.9,17.3,0.6097560975609756,0.05799648506151142,0.13971880492091387,0.03163444639718805,0.033391915641476276,0.040421792618629174,0.15992970123022848,0.040421792618629174,0.7899824253075571,-0.3800000000000001,0,0.0,0.0,0.0,
176,2024-25,Tidjane Salaün,CHO,PF,2025,60.0,20.7,5.9,4.7,1.2,0.5,0.2,0.0,0.002,-5.2,-1.0,0.457,7.7,15.2,0.2317073170731707,0.3866432337434095,0.3998242530755712,0.7442882249560633,0.12390158172231985,0.13532513181019332,0.016695957820738138,0.11335676625659051,0.06766256590509666,2.4899999999999998,1,0.0,7.479579418336357e-12,0.0,
177,2024-25,Thomas Bryant,2TM,C,2025,66.0,14.6,6.5,3.8,0.8,0.4,0.6,3.1,0.152,0.6,0.6,0.614,17.2,17.1,0.5857354028085735,0.4367311072056239,0.23813708260105448,0.6291739894551845,0.7196836555360281,0.7284710017574693,0.7082601054481547,0.7873462214411248,0.6942003514938488,3.685,0,0.0,0.0,0.0,
178,2024-25,Terry Taylor,SAC,PF,2025,3.0,2.0,0.0,0.3,0.7,0.0,0.0,0.0,0.049,3.3,0.0,0.0,9.8,7.2,0.4878048780487805,0.008787346221441126,0.2047451669595782,0.014938488576449912,0.12390158172231985,0.9209138840070299,0.3875219683655536,0.2179261862917399,0.48945518453427067,0.515,0,0.0,0.0,0.0,
179,2024-25,Terry Rozier,MIA,PG,2025,64.0,25.9,10.6,3.7,2.6,0.6,0.2,1.0,0.029,-3.7,-0.7,0.497,10.5,20.4,0.4512195121951219,0.70298769771529,0.7363796133567663,0.6080843585237259,0.429701230228471,0.21968365553602812,0.03602811950790861,0.27768014059753954,0.37785588752196836,4.614999999999999,1,0.0,1.8759095414649675e-09,0.0,
180,2024-25,Terrence Shannon Jr.,MIN,SG,2025,32.0,10.6,4.3,1.5,1.0,0.2,0.2,0.6,0.091,-2.1,0.0,0.56,11.9,17.7,0.5975609756097561,0.28471001757469244,0.31370826010544817,0.19947275922671354,0.3391915641476274,0.38488576449912126,0.3875219683655536,0.3945518453427065,0.7144112478031635,1.8399999999999999,0,0.0,0.0,0.0,
181,2024-25,Terence Davis,SAC,SG,2025,1.0,8.0,0.0,1.0,1.0,0.0,0.0,0.0,-0.191,-16.9,0.0,0.0,-4.0,10.8,0.4878048780487805,0.008787346221441126,0.31370826010544817,0.10281195079086115,0.12390158172231985,0.01054481546572935,0.3875219683655536,0.01054481546572935,0.48945518453427067,-1.3399999999999999,0,0.0,0.0,0.0,
182,2024-25,Terance Mann,2TM,SG,2025,67.0,21.1,7.7,3.0,1.8,0.7,0.2,3.0,0.101,-1.3,0.2,0.584,12.0,14.7,0.5551510738987986,0.5281195079086116,0.5773286467486819,0.46660808435852374,0.7117750439367311,0.4859402460456942,0.5553602811950791,0.4077328646748682,0.5957820738137083,3.9750000000000005,1,0.0,2.363789676418473e-08,0.0,
183,2024-25,Taze Moore,POR,SG,2025,2.0,10.0,3.0,4.0,0.5,1.0,0.0,-0.1,-0.15,-4.3,0.0,0.276,7.1,26.8,0.4390243902439024,0.17926186291739896,0.13971880492091387,0.6652021089630932,0.0641476274165202,0.1695957820738137,0.3875219683655536,0.09666080843585237,0.3304042179261863,1.3,0,0.0,0.0,0.0,
184,2024-25,Taylor Hendricks,UTA,PF,2025,3.0,25.0,4.7,5.0,0.7,1.7,1.3,0.0,-0.008,-3.5,0.0,0.354,7.1,12.1,0.2073170731707317,0.3189806678383128,0.2047451669595782,0.7794376098418277,0.12390158172231985,0.23725834797891038,0.3875219683655536,0.09666080843585237,0.012302284710017574,2.185,0,0.0,0.0,0.0,
185,2024-25,Taurean Prince,MIL,SF,2025,80.0,27.1,8.2,3.6,1.9,1.0,0.2,3.5,0.077,-1.7,0.1,0.613,9.8,12.5,0.5853658536585366,0.5448154657293497,0.6001757469244289,0.5896309314586995,0.7627416520210897,0.4235500878734622,0.4973637961335677,0.2179261862917399,0.6520210896309314,4.319999999999999,1,0.0,7.992405752832239e-09,0.0,
186,2024-25,Tari Eason,HOU,PF,2025,57.0,24.9,12.0,6.4,1.5,1.7,0.9,5.0,0.169,3.6,2.0,0.567,18.5,19.4,0.6341463414634146,0.7460456942003515,0.4964850615114236,0.8813708260105448,0.8585237258347979,0.9393673110720563,0.9068541300527241,0.8602811950790861,0.8945518453427065,6.819999999999999,1,0.0,4.677483493271591e-06,0.0,
187,2024-25,Talen Horton-Tucker,CHI,SG,2025,58.0,12.5,6.5,1.7,1.4,0.4,0.2,1.1,0.075,-2.4,-0.1,0.567,13.8,21.6,0.4756097560975609,0.4367311072056239,0.46309314586994726,0.2390158172231986,0.44991212653778556,0.3453427065026362,0.2521968365553603,0.5632688927943761,0.4349736379613357,2.79,0,0.0,0.0,0.0,
188,2024-25,Taj Gibson,CHO,C,2025,37.0,11.1,2.9,3.2,0.6,0.2,0.5,0.4,0.043,-5.3,-0.3,0.515,10.8,13.4,0.23170731707317072,0.17135325131810195,0.17311072056239016,0.5052724077328646,0.29349736379613356,0.13093145869947276,0.10808435852372583,0.29964850615114236,0.08347978910369068,1.1649999999999998,0,0.0,0.0,0.0,
189,2024-25,T.J. McConnell,IND,PG,2025,79.0,17.9,9.1,2.4,4.4,1.1,0.3,3.2,0.109,1.2,1.2,0.547,18.4,23.4,0.6097560975609756,0.6186291739894552,0.8760984182776801,0.3471001757469244,0.7293497363796133,0.7978910369068541,0.8145869947275922,0.8558875219683656,0.7899824253075571,5.185,0,0.0,0.0,0.0,
190,2024-25,Svi Mykhailiuk,UTA,SF,2025,38.0,20.0,8.8,2.4,2.0,0.5,0.2,-0.1,-0.009,-3.5,-0.3,0.526,9.8,20.3,0.2073170731707317,0.5905096660808435,0.6274165202108963,0.3471001757469244,0.0641476274165202,0.23725834797891038,0.10808435852372583,0.2179261862917399,0.012302284710017574,3.4699999999999998,1,0.0,5.195571050656139e-11,0.0,
191,2024-25,Steven Adams,HOU,C,2025,58.0,13.7,3.9,5.6,1.1,0.4,0.5,2.3,0.137,0.3,0.5,0.541,16.6,13.6,0.6341463414634146,0.24077328646748683,0.3602811950790861,0.8242530755711776,0.6256590509666081,0.6862917398945518,0.6766256590509666,0.7653778558875219,0.8945518453427065,2.9149999999999996,0,0.0,0.0,0.0,
192,2024-25,Stephon Castle,SAS,SG,2025,81.0,26.7,14.7,3.7,4.1,0.9,0.3,1.1,0.025,-3.2,-0.6,0.522,13.7,26.0,0.4146341463414634,0.8295254833040422,0.8550087873462214,0.6080843585237259,0.44991212653778556,0.2627416520210896,0.048330404217926184,0.5553602811950791,0.2759226713532513,6.419999999999999,1,0.0,6.380394892133369e-09,0.0,
193,2024-25,Trey Jemison,2TM,C,2025,38.0,10.3,2.5,2.8,0.4,0.2,0.4,0.3,0.037,-6.8,-0.5,0.537,8.9,12.4,0.46084724005134786,0.15114235500878734,0.1063268892794376,0.4200351493848858,0.2618629173989455,0.08611599297012303,0.06063268892794376,0.15202108963093147,0.3954305799648506,0.755,0,0.0,0.0,0.0,
194,2024-25,Trey Lyles,SAC,PF,2025,69.0,19.6,6.5,4.6,1.2,0.6,0.3,2.6,0.091,-0.7,0.4,0.551,12.3,14.3,0.4878048780487805,0.4367311072056239,0.3998242530755712,0.7355008787346221,0.664323374340949,0.5650263620386643,0.6370826010544816,0.44200351493848855,0.48945518453427067,3.655,0,0.0,0.0,0.0,
195,2024-25,Trey Murphy III,NOP,SF,2025,53.0,35.0,21.2,5.1,3.5,1.1,0.7,3.5,0.091,0.8,1.3,0.598,17.3,23.7,0.2560975609756097,0.9314586994727593,0.819859402460457,0.7926186291739895,0.7627416520210897,0.7583479789103691,0.836555360281195,0.7926186291739895,0.10896309314586995,9.665,1,0.0,4.219003624674755e-08,0.0,
196,2024-25,Vlatko Čančar,DEN,PF,2025,13.0,10.5,1.8,2.5,0.7,0.2,0.2,-0.1,-0.034,-7.1,-0.2,0.462,4.6,11.5,0.6097560975609756,0.10105448154657294,0.2047451669595782,0.3655536028119508,0.0641476274165202,0.07820738137082602,0.15992970123022848,0.056239015817223195,0.7899824253075571,0.41500000000000004,0,0.0,0.0,0.0,
197,2024-25,Zion Williamson,NOP,PF,2025,30.0,28.6,24.6,7.2,5.3,1.2,0.9,2.5,0.141,7.0,1.9,0.6,27.3,34.7,0.2560975609756097,0.9718804920913884,0.9279437609841827,0.9121265377855887,0.6511423550087874,0.9912126537785588,0.8998242530755711,0.9912126537785588,0.10896309314586995,11.95,0,0.0,0.0,0.0,
198,2024-25,Ziaire Williams,BRK,SF,2025,63.0,24.5,10.0,4.6,1.3,1.0,0.4,2.1,0.065,-2.3,-0.1,0.55,11.9,18.2,0.3170731707317073,0.6660808435852372,0.4279437609841828,0.7355008787346221,0.6115992970123023,0.3585237258347979,0.2521968365553603,0.3945518453427065,0.18189806678383127,4.639999999999999,1,0.0,4.326375643551636e-10,0.0,
199,2024-25,Zeke Nnaji,DEN,PF,2025,57.0,10.7,3.2,1.6,0.4,0.4,0.7,1.2,0.097,-1.3,0.1,0.574,12.0,12.2,0.6097560975609756,0.18980667838312829,0.1063268892794376,0.22056239015817222,0.46924428822495606,0.4859402460456942,0.4973637961335677,0.4077328646748682,0.7899824253075571,1.5499999999999998,0,0.0,0.0,0.0,
200,2024-25,Zach LaVine,2TM,SG,2025,74.0,35.2,23.3,4.3,4.2,0.8,0.2,5.1,0.094,0.7,1.8,0.639,17.3,25.3,0.4808833223467369,0.9507908611599297,0.8629173989455184,0.7047451669595782,0.867311072056239,0.7416520210896309,0.8919156414762741,0.7926186291739895,0.46045694200351495,10.729999999999999,1,0.0,2.4658067720823945e-06,0.0,
201,2024-25,Zach Edey,MEM,C,2025,66.0,21.5,9.2,8.3,1.0,0.5,1.3,4.9,0.165,-0.1,0.7,0.624,18.2,16.4,0.5853658536585366,0.6256590509666081,0.31370826010544817,0.9543057996485061,0.8541300527240774,0.6353251318101933,0.7328646748681898,0.8409490333919156,0.6520210896309314,5.635000000000001,1,0.0,4.051547509507708e-07,0.0,
202,2024-25,Zach Collins,2TM,PF,2025,64.0,15.3,6.4,4.5,1.7,0.5,0.5,2.7,0.132,0.0,0.5,0.605,16.0,17.1,0.4413109756097561,0.4253075571177504,0.5500878734622144,0.7249560632688928,0.6739894551845342,0.6493848857644992,0.6766256590509666,0.718804920913884,0.36203866432337434,3.7949999999999995,0,0.0,0.0,0.0,
203,2024-25,Zaccharie Risacher,ATL,SF,2025,75.0,24.6,12.6,3.6,1.2,0.7,0.5,1.8,0.046,-3.5,-0.7,0.558,12.2,20.9,0.4878048780487805,0.7724077328646749,0.3998242530755712,0.5896309314586995,0.5685413005272407,0.23725834797891038,0.03602811950790861,0.429701230228471,0.48945518453427067,5.2,1,0.0,4.2599969169487285e-09,0.0,
204,2024-25,Yves Missi,NOP,C,2025,73.0,26.8,9.1,8.2,1.4,0.5,1.3,3.6,0.089,-3.0,-0.5,0.572,15.4,14.3,0.2560975609756097,0.6186291739894552,0.46309314586994726,0.9481546572934973,0.7741652021089631,0.28031634446397186,0.06063268892794376,0.6678383128295254,0.10896309314586995,5.114999999999999,1,0.0,5.462707170554336e-10,0.0,
205,2024-25,Yuri Collins,GSW,PG,2025,2.0,8.0,1.0,1.5,2.0,1.0,0.0,0.1,0.214,0.3,0.0,0.333,13.9,7.9,0.5853658536585366,0.048330404217926184,0.6274165202108963,0.19947275922671354,0.18717047451669597,0.6862917398945518,0.3875219683655536,0.570298769771529,0.6520210896309314,1.025,0,0.0,0.0,0.0,
206,2024-25,Yuki Kawamura,MEM,PG,2025,22.0,4.2,1.6,0.5,0.9,0.1,0.0,0.2,0.095,-2.8,0.0,0.53,11.0,16.9,0.5853658536585366,0.08172231985940245,0.2750439367311072,0.03163444639718805,0.23286467486818982,0.29701230228471004,0.3875219683655536,0.3251318101933216,0.6520210896309314,0.575,0,0.0,0.0,0.0,
207,2024-25,Xavier Tillman Sr.,BOS,C,2025,33.0,7.0,1.0,1.3,0.2,0.3,0.2,-0.3,-0.057,-8.1,-0.4,0.31,2.4,13.1,0.7439024390243902,0.048330404217926184,0.040421792618629174,0.15992970123022848,0.022847100175746926,0.05272407732864675,0.07644991212653779,0.03602811950790861,0.929701230228471,-0.28500000000000014,0,0.0,0.0,0.0,
208,2024-25,Wendell Moore Jr.,2TM,SG,2025,36.0,13.9,4.2,2.6,1.2,0.6,0.1,0.7,0.063,-2.7,-0.1,0.553,11.0,13.8,0.4010840108401084,0.273286467486819,0.3998242530755712,0.38137082601054484,0.3655536028119508,0.3110720562390158,0.2521968365553603,0.3251318101933216,0.25746924428822493,1.9700000000000002,0,0.0,0.0,0.0,
209,2024-25,Wendell Carter Jr.,ORL,C,2025,68.0,25.9,9.1,7.2,2.0,0.8,0.6,4.6,0.125,-1.2,0.3,0.544,13.7,16.0,0.5,0.6186291739894552,0.6274165202108963,0.9121265377855887,0.8418277680140598,0.4991212653778559,0.5966608084358523,0.5553602811950791,0.5342706502636204,5.464999999999999,1,0.0,3.7609194872024024e-08,0.0,
210,2024-25,Vít Krejčí,ATL,PG,2025,57.0,20.2,7.2,2.7,2.6,0.6,0.5,2.6,0.11,0.7,0.8,0.661,12.7,12.9,0.4878048780487805,0.4982425307557118,0.7363796133567663,0.3998242530755712,0.664323374340949,0.7416520210896309,0.7548330404217927,0.4789103690685413,0.48945518453427067,4.035,1,0.0,2.650570452113221e-08,0.0,
211,2024-25,Vince Williams Jr.,MEM,SG,2025,27.0,18.5,6.6,3.6,2.0,0.4,0.3,0.4,0.04,-2.8,-0.1,0.504,9.2,17.0,0.5853658536585366,0.44903339191564146,0.6274165202108963,0.5896309314586995,0.29349736379613356,0.29701230228471004,0.2521968365553603,0.17223198594024605,0.6520210896309314,3.05,0,0.0,0.0,0.0,
212,2024-25,Tristan Da Silva,ORL,SF,2025,74.0,22.0,7.2,3.3,1.5,0.4,0.2,2.5,0.073,-2.6,-0.3,0.522,9.9,15.2,0.5,0.4982425307557118,0.4964850615114236,0.5281195079086116,0.6511423550087874,0.3233743409490334,0.10808435852372583,0.23286467486818982,0.5342706502636204,3.5550000000000006,1,0.0,6.392718613976244e-09,0.0,
213,2024-25,Vasilije Micić,2TM,PG,2025,41.0,19.1,6.6,2.2,3.1,0.4,0.0,-1.0,-0.06,-7.0,-1.0,0.462,6.5,19.9,0.2569898869720404,0.44903339191564146,0.7838312829525483,0.3172231985940246,0.0035149384885764497,0.08172231985940245,0.016695957820738138,0.07908611599297012,0.12478031634446397,2.3599999999999994,0,0.0,0.0,0.0,
214,2024-25,Ulrich Chomche,TOR,PF,2025,7.0,4.6,0.7,1.1,0.3,0.0,0.1,0.0,0.001,-7.4,0.0,0.425,5.2,10.3,0.3658536585365853,0.027240773286467488,0.070298769771529,0.12214411247803164,0.12390158172231985,0.06678383128295255,0.3875219683655536,0.05975395430579965,0.22847100175746923,-0.27000000000000013,0,0.0,0.0,0.0,
215,2024-25,Tyus Jones,PHO,PG,2025,81.0,26.8,10.2,2.4,5.3,0.9,0.1,4.4,0.096,0.1,1.1,0.585,14.5,16.2,0.4390243902439024,0.680140597539543,0.9279437609841827,0.3471001757469244,0.8321616871704746,0.6616871704745168,0.7917398945518453,0.6124780316344464,0.3304042179261863,5.879999999999999,1,0.0,1.1771948601614727e-07,0.0,
216,2024-25,Tyson Etienne,BRK,PG,2025,7.0,21.6,7.9,1.3,1.7,0.4,0.1,-0.1,-0.021,-8.8,-0.3,0.488,5.6,18.6,0.3170731707317073,0.5351493848857645,0.5500878734622144,0.15992970123022848,0.0641476274165202,0.04569420035149385,0.10808435852372583,0.0641476274165202,0.18189806678383127,2.3999999999999995,0,0.0,0.0,0.0,
217,2024-25,Tyrese Maxey,PHI,PG,2025,52.0,37.7,26.3,3.3,6.1,1.8,0.4,3.8,0.094,2.0,2.0,0.562,19.5,29.8,0.2926829268292683,0.9876977152899824,0.9622144112478032,0.5281195079086116,0.7855887521968365,0.8541300527240774,0.9068541300527241,0.8954305799648506,0.14674868189806678,11.879999999999999,1,0.0,6.709471539510735e-07,0.0,
218,2024-25,Tyrese Martin,BRK,SG,2025,60.0,21.9,8.7,3.7,2.0,0.6,0.2,0.9,0.033,-2.6,-0.2,0.533,10.9,18.8,0.3170731707317073,0.5790861159929701,0.6274165202108963,0.6080843585237259,0.4086115992970123,0.3233743409490334,0.15992970123022848,0.31282952548330406,0.18189806678383127,3.92,1,0.0,3.951716410671262e-10,0.0,
219,2024-25,Tyler Smith,MIL,PF,2025,23.0,5.3,2.9,1.1,0.2,0.1,0.2,0.2,0.083,-0.9,0.0,0.626,15.2,22.1,0.5853658536585366,0.17135325131810195,0.040421792618629174,0.12214411247803164,0.23286467486818982,0.5342706502636204,0.3875219683655536,0.6537785588752196,0.6520210896309314,1.17,0,0.0,0.0,0.0,
220,2024-25,Tyler Kolek,NYK,PG,2025,41.0,7.2,2.0,0.7,1.7,0.3,0.1,0.4,0.058,-2.8,-0.1,0.453,10.3,15.8,0.6219512195121951,0.11599297012302284,0.5500878734622144,0.056239015817223195,0.29349736379613356,0.29701230228471004,0.2521968365553603,0.26362038664323373,0.8646748681898067,0.9450000000000001,0,0.0,0.0,0.0,
221,2024-25,Tyler Herro,MIA,SG,2025,77.0,35.4,23.9,5.2,5.5,0.9,0.2,7.4,0.131,3.1,3.5,0.605,19.7,28.0,0.4512195121951219,0.9560632688927944,0.9367311072056239,0.8014059753954306,0.945518453427065,0.9015817223198594,0.9692442882249561,0.9033391915641477,0.37785588752196836,12.034999999999998,1,0.0,6.833356804454131e-05,0.0,
222,2024-25,TyTy Washington Jr.,PHO,PG,2025,16.0,7.4,2.2,0.8,1.0,0.2,0.0,-0.2,-0.065,-8.0,-0.2,0.367,6.5,19.0,0.4390243902439024,0.13181019332161686,0.31370826010544817,0.07205623901581722,0.033391915641476276,0.056239015817223195,0.15992970123022848,0.07908611599297012,0.3304042179261863,0.24999999999999978,0,0.0,0.0,0.0,
223,2024-25,Ty Jerome,CLE,SG,2025,70.0,19.9,12.5,2.5,3.4,1.1,0.0,5.9,0.204,4.3,2.2,0.643,21.0,23.6,0.7804878048780488,0.7688927943760984,0.8093145869947276,0.3655536028119508,0.9147627416520211,0.960456942003515,0.9182776801405975,0.9428822495606327,0.9551845342706503,7.039999999999999,0,0.0,0.0,0.0,
224,2024-25,Tristen Newton,2TM,SG,2025,8.0,2.0,0.4,0.5,0.3,0.1,0.0,-0.1,-0.33,-20.7,-0.1,0.178,-6.1,28.2,0.6051829268292683,0.0210896309314587,0.070298769771529,0.03163444639718805,0.0641476274165202,0.005272407732864675,0.2521968365553603,0.007029876977152899,0.7346221441124781,-1.815,0,0.0,0.0,0.0,
225,2024-25,Tristan Vukcevic,WAS,C,2025,35.0,14.7,9.4,3.7,1.1,0.3,0.7,0.7,0.069,-0.5,0.2,0.608,17.8,25.7,0.2195121951219512,0.6353251318101933,0.3602811950790861,0.6080843585237259,0.3655536028119508,0.5931458699472759,0.5553602811950791,0.8251318101933216,0.04130052724077329,4.155,0,0.0,0.0,0.0,
226,2024-25,Tristan Thompson,CLE,C,2025,40.0,8.2,1.7,3.4,0.6,0.1,0.3,0.4,0.057,-4.6,-0.2,0.41,9.1,12.7,0.7804878048780488,0.0913884007029877,0.17311072056239016,0.5527240773286467,0.29349736379613356,0.15729349736379614,0.15992970123022848,0.1625659050966608,0.9551845342706503,0.8450000000000002,0,0.0,0.0,0.0,
227,2024-25,Stanley Umude,MIL,SG,2025,22.0,3.9,0.7,0.8,0.2,0.1,0.3,-0.2,-0.086,-8.1,-0.1,0.27,3.4,15.7,0.5853658536585366,0.027240773286467488,0.040421792618629174,0.07205623901581722,0.033391915641476276,0.05272407732864675,0.2521968365553603,0.0421792618629174,0.6520210896309314,-0.44500000000000006,0,0.0,0.0,0.0,
228,2024-25,Spencer Dinwiddie,DAL,PG,2025,79.0,27.0,11.0,2.6,4.4,0.9,0.2,3.7,0.082,-1.6,0.2,0.553,13.0,17.9,0.47560975609756095,0.7179261862917399,0.8760984182776801,0.38137082601054484,0.7794376098418277,0.4428822495606327,0.5553602811950791,0.5114235500878734,0.45606326889279436,5.699999999999999,1,0.0,5.061838314320371e-08,0.0,
229,2024-25,Nikola Vučević,CHI,C,2025,73.0,31.2,18.5,10.1,3.5,0.8,0.7,7.3,0.153,2.6,2.7,0.611,20.3,22.4,0.47560975609756084,0.8892794376098418,0.819859402460457,0.9753954305799648,0.9437609841827768,0.8822495606326889,0.9411247803163445,0.9288224956063269,0.4103690685413005,10.409999999999998,1,0.0,1.1154321475978604e-05,0.0,
230,2024-25,Patty Mills,2TM,PG,2025,29.0,11.1,3.8,0.8,0.9,0.4,0.1,0.1,0.017,-3.2,-0.1,0.543,8.4,15.6,0.3738435660218671,0.23462214411247803,0.2750439367311072,0.07205623901581722,0.18717047451669597,0.2627416520210896,0.2521968365553603,0.13181019332161686,0.24428822495606328,1.3299999999999998,0,0.0,0.0,0.0,
231,2024-25,Paolo Banchero,ORL,PF,2025,46.0,34.4,25.9,7.5,4.8,0.8,0.6,3.5,0.106,3.5,2.2,0.551,20.0,33.6,0.5,0.9824253075571178,0.9033391915641477,0.9226713532513181,0.7627416520210897,0.9323374340949033,0.9182776801405975,0.9165202108963093,0.5342706502636204,12.199999999999998,1,0.0,4.226022242101541e-05,0.0,
232,2024-25,Pascal Siakam,IND,PF,2025,78.0,32.7,20.2,6.9,3.4,0.9,0.5,7.5,0.142,1.7,2.4,0.599,19.2,24.2,0.6097560975609756,0.9147627416520211,0.8093145869947276,0.8998242530755711,0.9481546572934973,0.8321616871704746,0.929701230228471,0.8875219683655536,0.7899824253075571,10.454999999999998,1,0.0,6.087331420877992e-05,0.0,
233,2024-25,Pat Connaughton,MIL,SG,2025,41.0,14.7,5.3,2.7,1.7,0.2,0.3,1.2,0.093,-2.3,0.0,0.567,12.1,15.6,0.5853658536585366,0.351493848857645,0.5500878734622144,0.3998242530755712,0.46924428822495606,0.3585237258347979,0.3875219683655536,0.4182776801405975,0.6520210896309314,2.61,0,0.0,0.0,0.0,
234,2024-25,Pat Spencer,GSW,PG,2025,39.0,6.4,2.5,1.2,1.2,0.4,0.1,0.3,0.055,-1.6,0.0,0.455,12.6,21.2,0.5853658536585366,0.15114235500878734,0.3998242530755712,0.13796133567662566,0.2618629173989455,0.4428822495606327,0.3875219683655536,0.46748681898066785,0.6520210896309314,1.1949999999999998,0,0.0,0.0,0.0,
235,2024-25,Patrick Baldwin Jr.,2TM,SF,2025,24.0,4.5,2.2,1.0,0.1,0.1,0.1,0.2,0.098,1.5,0.1,0.721,16.2,16.4,0.25203252032520324,0.13181019332161686,0.025483304042179262,0.10281195079086115,0.23286467486818982,0.819859402460457,0.4973637961335677,0.7355008787346221,0.08963093145869948,1.1300000000000001,0,0.0,0.0,0.0,
236,2024-25,Patrick Williams,CHI,PF,2025,63.0,25.0,9.0,3.8,2.0,0.8,0.5,0.4,0.012,-3.7,-0.7,0.512,9.0,16.9,0.4756097560975609,0.6063268892794376,0.6274165202108963,0.6291739894551845,0.29349736379613356,0.21968365553602812,0.03602811950790861,0.15641476274165203,0.4349736379613357,3.83,1,0.0,4.560235344559393e-10,0.0,
237,2024-25,Paul Reed,DET,C,2025,45.0,9.7,4.1,2.7,1.0,0.9,0.6,1.6,0.173,2.9,0.5,0.573,18.6,18.0,0.5365853658536586,0.2592267135325132,0.31370826010544817,0.3998242530755712,0.5342706502636204,0.8892794376098418,0.6766256590509666,0.8629173989455184,0.5729349736379613,2.6500000000000004,0,0.0,0.0,0.0,
238,2024-25,Skal Labissière,SAC,PF,2025,4.0,3.0,1.3,0.8,0.3,0.0,0.0,0.0,0.165,2.1,0.0,0.625,15.9,14.3,0.4878048780487805,0.05799648506151142,0.070298769771529,0.07205623901581722,0.12390158172231985,0.859402460456942,0.3875219683655536,0.7065026362038664,0.48945518453427067,0.845,0,0.0,0.0,0.0,
239,2024-25,Payton Pritchard,BOS,PG,2025,80.0,28.4,14.3,3.8,3.5,0.9,0.2,8.6,0.183,3.5,3.2,0.633,17.6,19.0,0.7439024390243902,0.8154657293497364,0.819859402460457,0.6291739894551845,0.9753954305799648,0.9323374340949033,0.9569420035149385,0.8084358523725835,0.929701230228471,8.345,1,0.0,0.00040086458583690624,0.0,
240,2024-25,Pelle Larsson,MIA,SG,2025,55.0,14.2,4.6,1.7,1.2,0.6,0.1,1.4,0.086,-3.1,-0.2,0.546,10.2,14.4,0.45121951219512185,0.31282952548330406,0.3998242530755712,0.2390158172231986,0.5096660808435852,0.273286467486819,0.15992970123022848,0.2548330404217926,0.3664323374340949,2.0749999999999997,0,0.0,0.0,0.0,
241,2024-25,Pete Nance,2TM,C,2025,13.0,10.6,2.9,1.6,0.8,0.2,0.2,0.2,0.064,-4.9,-0.1,0.578,8.5,11.7,0.42776735459662285,0.17135325131810195,0.23813708260105448,0.22056239015817222,0.23286467486818982,0.14323374340949033,0.2521968365553603,0.13708260105448156,0.29876977152899825,0.9649999999999999,0,0.0,0.0,0.0,
242,2024-25,Peyton Watson,DEN,SF,2025,68.0,24.4,8.1,3.4,1.4,0.7,1.4,2.5,0.073,-1.8,0.1,0.564,11.4,13.9,0.6097560975609756,0.5404217926186292,0.46309314586994726,0.5527240773286467,0.6511423550087874,0.4121265377855888,0.4973637961335677,0.3602811950790861,0.7899824253075571,3.944999999999999,1,0.0,3.555456581145797e-08,0.0,
243,2024-25,Phillip Wheeler,PHI,PF,2025,5.0,8.8,1.6,1.6,0.4,0.2,0.4,-0.3,-0.283,-18.2,-0.2,0.183,-2.3,22.6,0.2926829268292683,0.08172231985940245,0.1063268892794376,0.22056239015817222,0.022847100175746926,0.008787346221441126,0.15992970123022848,0.014938488576449912,0.14674868189806678,-1.0000000000000002,0,0.0,0.0,0.0,
244,2024-25,Precious Achiuwa,NYK,C,2025,57.0,20.5,6.6,5.6,1.0,0.8,0.7,2.3,0.095,-1.9,0.0,0.53,13.6,14.9,0.6219512195121951,0.44903339191564146,0.31370826010544817,0.8242530755711776,0.6256590509666081,0.4033391915641476,0.3875219683655536,0.5456942003514939,0.8646748681898067,3.6199999999999997,1,0.0,2.3296431887525338e-08,0.0,
245,2024-25,Pacôme Dadiet,NYK,SG,2025,18.0,6.2,1.7,1.0,0.3,0.2,0.1,0.0,0.002,-6.5,-0.1,0.446,6.3,14.7,0.6219512195121951,0.0913884007029877,0.070298769771529,0.10281195079086115,0.12390158172231985,0.0913884007029877,0.2521968365553603,0.07293497363796134,0.8646748681898067,0.15500000000000003,0,0.0,0.0,0.0,
246,2024-25,PJ Hall,DEN,C,2025,19.0,3.5,1.7,1.2,0.2,0.0,0.2,0.2,0.168,-1.3,0.0,0.641,18.3,17.8,0.6097560975609756,0.0913884007029877,0.040421792618629174,0.13796133567662566,0.23286467486818982,0.4859402460456942,0.3875219683655536,0.8488576449912126,0.7899824253075571,0.725,0,0.0,0.0,0.0,
247,2024-25,PJ Dozier,MIN,SG,2025,9.0,3.9,0.8,0.6,0.6,0.1,0.0,0.1,0.107,0.7,0.0,0.621,9.5,8.2,0.5975609756097561,0.03427065026362039,0.17311072056239016,0.04481546572934974,0.18717047451669597,0.7416520210896309,0.3875219683655536,0.18980667838312829,0.7144112478031635,0.58,0,0.0,0.0,0.0,
248,2024-25,P.J. Washington,DAL,PF,2025,57.0,32.2,14.7,7.8,2.3,1.1,1.1,2.4,0.062,-0.9,0.5,0.556,14.0,20.4,0.4756097560975609,0.8295254833040422,0.6898066783831283,0.9323374340949033,0.6353251318101933,0.5342706502636204,0.6766256590509666,0.5808435852372583,0.4349736379613357,7.164999999999999,1,0.0,1.7231699343804015e-08,0.0,
249,2024-25,P.J. Tucker,NYK,SF,2025,3.0,19.3,3.0,2.7,0.0,0.3,0.3,0.1,0.07,-7.2,-0.1,0.643,5.5,6.0,0.6219512195121951,0.17926186291739896,0.011423550087873463,0.3998242530755712,0.18717047451669597,0.07381370826010544,0.2521968365553603,0.061511423550087874,0.8646748681898067,0.7549999999999998,0,0.0,0.0,0.0,
250,2024-25,Ousmane Dieng,OKC,C,2025,37.0,10.9,3.8,2.2,0.8,0.5,0.2,0.9,0.104,-0.9,0.1,0.538,11.5,15.7,0.8292682926829268,0.23462214411247803,0.23813708260105448,0.3172231985940246,0.4086115992970123,0.5342706502636204,0.4973637961335677,0.3655536028119508,0.984182776801406,1.9099999999999997,0,0.0,0.0,0.0,
251,2024-25,Oso Ighodaro,PHO,PF,2025,61.0,17.1,4.2,3.6,1.2,0.5,0.5,1.6,0.075,-2.6,-0.2,0.61,11.1,10.5,0.4390243902439024,0.273286467486819,0.3998242530755712,0.5896309314586995,0.5342706502636204,0.3233743409490334,0.15992970123022848,0.3347978910369069,0.3304042179261863,2.3100000000000005,0,0.0,0.0,0.0,
252,2024-25,Oshae Brissett,PHI,SF,2025,6.0,23.7,8.7,3.7,0.7,0.7,0.5,0.1,0.019,-6.3,-0.1,0.576,9.8,16.3,0.2926829268292683,0.5790861159929701,0.2047451669595782,0.6080843585237259,0.18717047451669597,0.09753954305799649,0.2521968365553603,0.2179261862917399,0.14674868189806678,3.13,0,0.0,0.0,0.0,
253,2024-25,Oscar Tshiebwe,UTA,C,2025,14.0,18.2,7.6,8.7,0.6,0.9,0.1,1.0,0.182,-1.4,0.0,0.64,21.0,15.3,0.2073170731707317,0.523725834797891,0.17311072056239016,0.960456942003515,0.429701230228471,0.4727592267135325,0.3875219683655536,0.9428822495606327,0.012302284710017574,4.1450000000000005,0,0.0,0.0,0.0,
254,2024-25,Josh Green,CHO,SG,2025,68.0,27.8,7.4,2.5,1.6,1.1,0.2,1.5,0.037,-4.3,-1.1,0.559,7.8,11.8,0.2317073170731707,0.5149384885764499,0.5228471001757469,0.3655536028119508,0.5202108963093146,0.1695957820738137,0.012302284710017574,0.11687170474516696,0.06766256590509666,3.155,1,0.0,1.0319749513174063e-11,0.0,
255,2024-25,Onyeka Okongwu,ATL,C,2025,74.0,27.9,13.4,8.9,2.3,0.9,0.9,7.2,0.168,1.3,1.7,0.634,19.0,17.3,0.4878048780487804,0.7926186291739895,0.6898066783831283,0.9630931458699473,0.9420035149384886,0.8084358523725835,0.8787346221441125,0.8787346221441125,0.46836555360281196,8.055,1,0.0,1.092776072161651e-06,0.0,
256,2024-25,Olivier-Maxence Prosper,DAL,PF,2025,52.0,11.2,3.9,2.4,0.8,0.5,0.1,0.9,0.072,-2.1,0.0,0.484,12.6,16.3,0.4756097560975609,0.24077328646748683,0.23813708260105448,0.3471001757469244,0.4086115992970123,0.38488576449912126,0.3875219683655536,0.46748681898066785,0.4349736379613357,1.855,0,0.0,0.0,0.0,
257,2024-25,Ochai Agbaji,TOR,SG,2025,64.0,27.2,10.4,3.8,1.5,0.9,0.5,3.1,0.087,-0.7,0.5,0.601,12.0,14.6,0.3658536585365853,0.695079086115993,0.4964850615114236,0.6291739894551845,0.7196836555360281,0.5650263620386643,0.6766256590509666,0.4077328646748682,0.22847100175746923,5.06,1,0.0,2.3670335809600408e-09,0.0,
258,2024-25,Obi Toppin,IND,PF,2025,79.0,19.6,10.5,4.0,1.6,0.6,0.4,4.3,0.135,1.7,1.4,0.642,17.4,20.1,0.6097560975609756,0.6994727592267135,0.5228471001757469,0.6652021089630932,0.8189806678383128,0.8321616871704746,0.8479789103690686,0.7978910369068541,0.7899824253075571,5.625,0,0.0,0.0,0.0,
259,2024-25,OG Anunoby,NYK,PF,2025,74.0,36.6,18.0,4.8,2.2,1.5,0.9,6.5,0.116,0.7,1.9,0.591,15.4,19.7,0.6219512195121951,0.8796133567662566,0.6704745166959578,0.7565905096660809,0.9305799648506151,0.7416520210896309,0.8998242530755711,0.6678383128295254,0.8646748681898067,8.83,1,0.0,3.5662316344868542e-06,0.0,
260,2024-25,Norman Powell,LAC,SG,2025,60.0,32.6,21.8,3.2,2.1,1.2,0.2,5.3,0.129,1.5,1.8,0.615,17.5,26.1,0.6097560975609756,0.9384885764499121,0.6537785588752196,0.5052724077328646,0.8875219683655536,0.819859402460457,0.8919156414762741,0.8031634446397188,0.7899824253075571,9.740000000000002,1,0.0,1.3500501563788906e-05,0.0,
261,2024-25,Noah Clowney,BRK,PF,2025,46.0,22.7,9.1,3.9,0.9,0.5,0.5,0.5,0.023,-4.1,-0.5,0.516,9.2,19.0,0.3170731707317073,0.6186291739894552,0.2750439367311072,0.648506151142355,0.3216168717047452,0.18629173989455183,0.06063268892794376,0.17223198594024605,0.18189806678383127,3.6399999999999997,1,0.0,9.967704747262065e-11,0.0,
262,2024-25,Quentin Grimes,2TM,SG,2025,75.0,26.8,14.6,4.3,3.0,1.0,0.3,3.4,0.081,0.4,1.2,0.595,15.9,22.8,0.4073170731707317,0.8251318101933216,0.7768014059753954,0.7047451669595782,0.7486818980667839,0.7047451669595782,0.8145869947275922,0.7065026362038664,0.2618629173989455,7.074999999999998,1,0.0,7.144432260873703e-08,0.0,
263,2024-25,Quenton Jackson,IND,PG,2025,28.0,13.6,5.8,1.6,1.9,0.8,0.2,1.0,0.126,-0.3,0.2,0.58,14.7,17.7,0.6097560975609756,0.37697715289982425,0.6001757469244289,0.22056239015817222,0.429701230228471,0.6133567662565905,0.5553602811950791,0.624780316344464,0.7899824253075571,2.82,0,0.0,0.0,0.0,
264,2024-25,Quincy Olivari,LAL,PG,2025,2.0,5.0,1.5,0.0,0.5,0.0,0.0,-0.1,-0.3,-18.6,0.0,0.3,-5.2,26.3,0.6097560975609756,0.07117750439367311,0.13971880492091387,0.005272407732864675,0.0641476274165202,0.007029876977152899,0.3875219683655536,0.008787346221441126,0.7899824253075571,-1.2550000000000003,0,0.0,0.0,0.0,
265,2024-25,Rui Hachimura,LAL,PF,2025,59.0,31.7,13.1,5.0,1.4,0.8,0.4,4.3,0.11,-0.7,0.6,0.619,13.6,15.8,0.6097560975609756,0.7864674868189807,0.46309314586994726,0.7794376098418277,0.8189806678383128,0.5650263620386643,0.7082601054481547,0.5456942003514939,0.7899824253075571,6.405,1,0.0,1.3414374774352208e-07,0.0,
266,2024-25,Simone Fontecchio,DET,SF,2025,75.0,16.5,5.9,2.9,0.9,0.4,0.2,1.6,0.063,-2.9,-0.3,0.544,9.7,15.8,0.5365853658536586,0.3866432337434095,0.2750439367311072,0.44112478031634444,0.5342706502636204,0.28734622144112476,0.10808435852372583,0.2038664323374341,0.5729349736379613,2.71,0,0.0,0.0,0.0,
267,2024-25,Sidy Cissoko,2TM,SF,2025,22.0,5.2,1.5,1.0,0.7,0.1,0.0,-0.1,-0.045,-5.1,-0.1,0.471,6.7,16.6,0.42017738359201773,0.07117750439367311,0.2047451669595782,0.10281195079086115,0.0641476274165202,0.13796133567662566,0.2521968365553603,0.08699472759226713,0.29349736379613356,0.2849999999999999,0,0.0,0.0,0.0,
268,2024-25,Shake Milton,2TM,SG,2025,57.0,14.7,5.5,1.8,1.8,0.4,0.1,1.3,0.077,-2.2,0.0,0.563,11.9,16.7,0.4711168164313222,0.36467486818980666,0.5773286467486819,0.25746924428822493,0.4929701230228471,0.37434094903339193,0.3875219683655536,0.3945518453427065,0.4007029876977153,2.5949999999999993,0,0.0,0.0,0.0,
269,2024-25,Shaedon Sharpe,POR,SG,2025,72.0,31.3,18.5,4.5,2.8,0.9,0.2,3.0,0.064,-1.3,0.4,0.551,14.5,25.1,0.4390243902439024,0.8892794376098418,0.7592267135325131,0.7249560632688928,0.7117750439367311,0.4859402460456942,0.6370826010544816,0.6124780316344464,0.3304042179261863,8.179999999999998,1,0.0,5.432818340855924e-08,0.0,
270,2024-25,Seth Curry,CHO,SG,2025,68.0,15.6,6.5,1.7,0.9,0.4,0.1,1.8,0.08,-1.7,0.1,0.616,12.2,15.7,0.2317073170731707,0.4367311072056239,0.2750439367311072,0.2390158172231986,0.5685413005272407,0.4235500878734622,0.4973637961335677,0.429701230228471,0.06766256590509666,2.9,0,0.0,0.0,0.0,
271,2024-25,Scotty Pippen Jr.,MEM,PG,2025,79.0,21.3,9.9,3.3,4.4,1.3,0.4,4.7,0.133,1.9,1.7,0.582,15.8,19.3,0.5853658536585366,0.6590509666080844,0.8760984182776801,0.5281195079086116,0.8488576449912126,0.8471001757469244,0.8787346221441125,0.6959578207381371,0.6520210896309314,5.970000000000001,1,0.0,1.9743306572610115e-06,0.0,
272,2024-25,Scottie Barnes,TOR,PF,2025,65.0,32.8,19.3,7.7,5.8,1.4,1.0,3.5,0.078,2.4,2.3,0.523,17.8,27.0,0.3658536585365853,0.9094903339191565,0.9490333919156415,0.9270650263620387,0.7627416520210897,0.8743409490333919,0.9244288224956063,0.8251318101933216,0.22847100175746923,10.01,1,0.0,7.192004585139378e-07,0.0,
273,2024-25,Scoot Henderson,POR,PG,2025,66.0,26.7,12.7,3.0,5.1,1.0,0.2,1.8,0.049,-2.2,-0.1,0.54,12.5,22.5,0.4390243902439024,0.7768014059753954,0.9191564147627417,0.46660808435852374,0.5685413005272407,0.37434094903339193,0.2521968365553603,0.45869947275922673,0.3304042179261863,6.055000000000001,1,0.0,1.1283174071505287e-08,0.0,
274,2024-25,Santi Aldama,MEM,PF,2025,65.0,25.5,12.5,6.4,2.9,0.8,0.4,5.0,0.144,3.2,2.2,0.588,16.8,18.5,0.5853658536585366,0.7688927943760984,0.7697715289982425,0.8813708260105448,0.8585237258347979,0.9121265377855887,0.9182776801405975,0.7750439367311072,0.6520210896309314,7.235,1,0.0,4.416150325142962e-06,0.0,
275,2024-25,Sandro Mamukelashvili,SAS,PF,2025,61.0,11.2,6.3,3.1,0.8,0.4,0.3,2.2,0.152,2.3,0.7,0.628,19.7,20.8,0.4146341463414634,0.4182776801405975,0.23813708260105448,0.4876977152899824,0.6177504393673111,0.8681898066783831,0.7328646748681898,0.9033391915641477,0.2759226713532513,3.4999999999999996,0,0.0,0.0,0.0,
276,2024-25,Sam Merrill,CLE,SG,2025,71.0,19.7,7.2,2.2,1.5,0.7,0.2,3.3,0.113,0.3,0.8,0.583,11.1,14.3,0.7804878048780488,0.4982425307557118,0.4964850615114236,0.3172231985940246,0.7407732864674869,0.6862917398945518,0.7548330404217927,0.3347978910369069,0.9551845342706503,3.8400000000000003,0,0.0,0.0,0.0,
277,2024-25,Ryan Rollins,MIL,PG,2025,56.0,14.6,6.2,1.9,1.9,0.8,0.3,1.7,0.101,-0.5,0.3,0.6,14.0,18.4,0.5853658536585366,0.4121265377855888,0.6001757469244289,0.2697715289982425,0.5500878734622144,0.5931458699472759,0.5966608084358523,0.5808435852372583,0.6520210896309314,3.125,0,0.0,0.0,0.0,
278,2024-25,Ryan Dunn,PHO,SF,2025,74.0,19.1,6.9,3.6,0.8,0.6,0.5,1.0,0.034,-4.1,-0.7,0.517,10.7,16.7,0.4390243902439024,0.47012302284710017,0.23813708260105448,0.5896309314586995,0.429701230228471,0.18629173989455183,0.03602811950790861,0.28998242530755713,0.3304042179261863,2.9050000000000002,0,0.0,0.0,0.0,
279,2024-25,Russell Westbrook,DEN,PG,2025,75.0,27.9,13.3,4.9,6.1,1.4,0.5,1.9,0.045,-1.1,0.5,0.532,14.3,23.8,0.6097560975609756,0.7908611599297012,0.9622144112478032,0.7680140597539543,0.5869947275922671,0.5087873462214412,0.6766256590509666,0.5984182776801406,0.7899824253075571,6.88,1,0.0,2.193135711927109e-07,0.0,
280,2024-25,Rudy Gobert,MIN,C,2025,72.0,33.2,12.0,10.9,1.8,0.8,1.4,10.1,0.204,1.9,2.4,0.687,18.3,13.0,0.5975609756097561,0.7460456942003515,0.5773286467486819,0.9859402460456942,0.9876977152899824,0.8471001757469244,0.929701230228471,0.8488576449912126,0.7144112478031635,8.405,1,0.0,9.950399802657267e-06,0.0,
281,2024-25,Quinten Post,GSW,PF,2025,42.0,16.3,8.1,3.5,1.3,0.4,0.4,1.7,0.116,0.1,0.4,0.595,14.2,19.6,0.5853658536585366,0.5404217926186292,0.4279437609841828,0.5738137082601055,0.5500878734622144,0.6616871704745168,0.6370826010544816,0.5931458699472759,0.6520210896309314,3.9699999999999993,0,0.0,0.0,0.0,
282,2024-25,Royce O'Neale,PHO,SF,2025,75.0,24.5,9.1,4.7,2.2,0.9,0.5,2.8,0.073,0.1,1.0,0.585,12.6,15.5,0.4390243902439024,0.6186291739894552,0.6704745166959578,0.7442882249560633,0.68804920913884,0.6616871704745168,0.7794376098418277,0.46748681898066785,0.3304042179261863,4.899999999999999,1,0.0,9.667256773189927e-09,0.0,
283,2024-25,Ron Holland,DET,SF,2025,81.0,15.6,6.4,2.7,1.0,0.6,0.2,1.8,0.067,-3.0,-0.3,0.556,11.1,18.1,0.5365853658536586,0.4253075571177504,0.31370826010544817,0.3998242530755712,0.5685413005272407,0.28031634446397186,0.10808435852372583,0.3347978910369069,0.5729349736379613,2.9049999999999994,0,0.0,0.0,0.0,
284,2024-25,Ron Harper Jr.,DET,SF,2025,1.0,17.0,4.0,7.0,2.0,0.0,0.0,0.0,-0.06,-14.7,0.0,0.225,7.9,22.0,0.5365853658536586,0.2478031634446397,0.6274165202108963,0.9042179261862917,0.12390158172231985,0.015817223198594025,0.3875219683655536,0.12126537785588752,0.5729349736379613,1.3799999999999997,0,0.0,0.0,0.0,
285,2024-25,Robert Williams,POR,C,2025,20.0,17.6,5.8,5.9,1.1,0.7,1.7,1.3,0.175,3.0,0.4,0.679,18.9,12.2,0.4390243902439024,0.37697715289982425,0.3602811950790861,0.8532513181019332,0.4929701230228471,0.8936731107205624,0.6370826010544816,0.8734622144112478,0.3304042179261863,3.6949999999999994,0,0.0,0.0,0.0,
286,2024-25,Rob Dillingham,MIN,PG,2025,49.0,10.5,4.5,1.0,2.0,0.4,0.0,0.1,0.012,-4.2,-0.3,0.503,10.2,22.7,0.5975609756097561,0.30404217926186294,0.6274165202108963,0.10281195079086115,0.18717047451669597,0.17750439367311072,0.10808435852372583,0.2548330404217926,0.7144112478031635,1.725,0,0.0,0.0,0.0,
287,2024-25,Riley Minix,SAS,SF,2025,1.0,7.0,0.0,2.0,0.0,0.0,0.0,0.0,-0.114,-11.8,0.0,0.0,-1.7,6.1,0.4146341463414634,0.008787346221441126,0.011423550087873463,0.2820738137082601,0.12390158172231985,0.025483304042179262,0.3875219683655536,0.01757469244288225,0.2759226713532513,-0.8800000000000001,0,0.0,0.0,0.0,
288,2024-25,Ricky Council IV,PHI,SF,2025,73.0,17.1,7.3,2.9,1.3,0.4,0.2,0.6,0.023,-4.3,-0.7,0.502,11.6,20.3,0.2926829268292683,0.5087873462214412,0.4279437609841828,0.44112478031634444,0.3391915641476274,0.1695957820738137,0.03602811950790861,0.37170474516695956,0.14674868189806678,2.9399999999999995,0,0.0,0.0,0.0,
289,2024-25,Richaun Holmes,WAS,PF,2025,31.0,17.2,7.4,5.7,1.4,0.3,0.7,2.0,0.178,1.1,0.4,0.695,19.8,14.7,0.2195121951219512,0.5149384885764499,0.46309314586994726,0.8374340949033392,0.6019332161687171,0.7882249560632689,0.6370826010544816,0.9068541300527241,0.04130052724077329,4.235,0,0.0,0.0,0.0,
290,2024-25,Reggie Jackson,PHI,PG,2025,31.0,12.4,4.4,1.4,1.5,0.5,0.1,0.1,0.015,-4.0,-0.2,0.496,9.8,17.5,0.2926829268292683,0.29437609841827767,0.4964850615114236,0.18014059753954306,0.18717047451669597,0.1977152899824253,0.15992970123022848,0.2179261862917399,0.14674868189806678,1.6700000000000004,0,0.0,0.0,0.0,
291,2024-25,Reed Sheppard,HOU,PG,2025,52.0,12.6,4.4,1.5,1.4,0.7,0.3,0.8,0.055,-1.7,0.1,0.465,9.7,17.8,0.6341463414634146,0.29437609841827767,0.46309314586994726,0.19947275922671354,0.39103690685413006,0.4235500878734622,0.4973637961335677,0.2038664323374341,0.8945518453427065,2.035,0,0.0,0.0,0.0,
292,2024-25,Reece Beekman,2TM,PG,2025,36.0,13.0,2.6,1.1,1.8,0.9,0.1,0.1,0.01,-5.4,-0.4,0.4,7.5,12.8,0.3319783197831978,0.15905096660808435,0.5773286467486819,0.12214411247803164,0.18717047451669597,0.12126537785588752,0.07644991212653779,0.10808435852372583,0.20210896309314588,0.915,0,0.0,0.0,0.0,
293,2024-25,Rayan Rupert,POR,SG,2025,52.0,8.8,3.0,1.3,0.5,0.3,0.1,0.1,0.007,-4.7,-0.3,0.499,8.1,16.8,0.43902439024390244,0.17926186291739896,0.13971880492091387,0.15992970123022848,0.18717047451669597,0.15202108963093147,0.10808435852372583,0.1256590509666081,0.35764499121265375,0.895,0,0.0,0.0,0.0,
294,2024-25,RayJ Dennis,IND,PG,2025,11.0,6.4,2.7,1.1,1.3,0.6,0.2,0.1,0.036,0.7,0.0,0.443,13.9,24.0,0.6097560975609756,0.16520210896309315,0.4279437609841828,0.12214411247803164,0.18717047451669597,0.7416520210896309,0.3875219683655536,0.570298769771529,0.7899824253075571,1.4600000000000002,0,0.0,0.0,0.0,
295,2024-25,RJ Barrett,TOR,SF,2025,58.0,32.2,21.1,6.3,5.4,0.8,0.3,2.4,0.061,0.6,1.2,0.547,16.5,28.7,0.3658536585365853,0.9288224956063269,0.9332161687170475,0.8787346221441125,0.6353251318101933,0.7284710017574693,0.8145869947275922,0.7548330404217927,0.22847100175746923,9.950000000000001,1,0.0,2.1559091772370056e-07,0.0,
296,2024-25,Orlando Robinson,2TM,C,2025,44.0,17.5,6.9,5.0,1.8,0.4,0.4,1.2,0.072,-3.4,-0.3,0.519,12.9,18.5,0.39079822616407983,0.47012302284710017,0.5773286467486819,0.7794376098418277,0.46924428822495606,0.24428822495606328,0.10808435852372583,0.5008787346221442,0.24956063268892795,3.425,0,0.0,0.0,0.0,
297,2024-25,Jonathan Isaac,ORL,PF,2025,71.0,15.4,5.4,4.4,0.6,0.9,1.1,3.4,0.148,0.7,0.7,0.512,16.6,16.2,0.5,0.359402460456942,0.17311072056239016,0.7152899824253075,0.7486818980667839,0.7416520210896309,0.7328646748681898,0.7653778558875219,0.5342706502636204,3.42,0,0.0,0.0,0.0,
298,2024-25,Josh Giddey,CHI,PG,2025,70.0,30.2,14.6,8.1,7.2,1.2,0.6,5.3,0.121,3.0,2.7,0.57,18.1,21.7,0.47560975609756095,0.8251318101933216,0.9789103690685413,0.9420035149384886,0.8875219683655536,0.8936731107205624,0.9411247803163445,0.8347978910369068,0.45606326889279436,9.125,1,0.0,4.234249262700405e-06,0.0,
299,2024-25,Corey Kispert,WAS,SF,2025,61.0,26.3,11.6,3.0,1.7,0.4,0.2,1.1,0.032,-3.7,-0.7,0.584,11.0,17.5,0.2195121951219512,0.7346221441124781,0.5500878734622144,0.46660808435852374,0.44991212653778556,0.21968365553602812,0.03602811950790861,0.3251318101933216,0.04130052724077329,4.699999999999999,1,0.0,1.0307003035867308e-10,0.0,
300,2024-25,Colby Jones,2TM,SG,2025,39.0,13.2,4.0,2.2,1.1,0.7,0.3,0.6,0.053,-2.8,-0.1,0.544,11.4,13.7,0.38461538461538464,0.2478031634446397,0.3602811950790861,0.3172231985940246,0.3391915641476274,0.29701230228471004,0.2521968365553603,0.3602811950790861,0.2460456942003515,1.7899999999999998,0,0.0,0.0,0.0,
301,2024-25,Cole Anthony,ORL,PG,2025,67.0,18.4,9.4,3.0,2.9,0.7,0.5,2.0,0.078,0.1,0.7,0.531,14.2,24.6,0.5,0.6353251318101933,0.7697715289982425,0.46660808435852374,0.6019332161687171,0.6616871704745168,0.7328646748681898,0.5931458699472759,0.5342706502636204,4.73,0,0.0,0.0,0.0,
302,2024-25,Cole Swider,2TM,SF,2025,10.0,16.9,5.9,2.7,0.3,0.4,0.2,0.0,-0.009,-7.3,-0.2,0.465,6.5,16.7,0.39999999999999997,0.3866432337434095,0.070298769771529,0.3998242530755712,0.12390158172231985,0.06942003514938488,0.15992970123022848,0.07908611599297012,0.2530755711775044,1.8000000000000003,0,0.0,0.0,0.0,
303,2024-25,Colin Castleton,3TM,C,2025,26.0,16.6,4.7,4.7,1.1,0.3,0.4,0.7,0.075,-5.0,-0.3,0.536,11.3,13.4,0.4362101313320825,0.3189806678383128,0.3602811950790861,0.7442882249560633,0.3655536028119508,0.140597539543058,0.10808435852372583,0.351493848857645,0.30052724077328646,2.21,0,0.0,0.0,0.0,
304,2024-25,Collin Gillespie,PHO,PG,2025,33.0,14.0,5.9,2.4,2.4,0.6,0.2,1.3,0.131,2.5,0.5,0.578,16.8,17.7,0.4390243902439024,0.3866432337434095,0.7082601054481547,0.3471001757469244,0.4929701230228471,0.8796133567662566,0.6766256590509666,0.7750439367311072,0.3304042179261863,3.415,0,0.0,0.0,0.0,
305,2024-25,Collin Sexton,UTA,SG,2025,63.0,27.9,18.4,2.7,4.2,0.7,0.1,2.4,0.066,-0.6,0.6,0.593,16.6,27.0,0.2073170731707317,0.8857644991212654,0.8629173989455184,0.3998242530755712,0.6353251318101933,0.5799648506151143,0.7082601054481547,0.7653778558875219,0.012302284710017574,8.104999999999999,1,0.0,2.0941979169314517e-08,0.0,
306,2024-25,Cory Joseph,ORL,PG,2025,50.0,12.2,3.5,1.5,1.4,0.5,0.1,1.5,0.114,-0.8,0.2,0.547,10.9,12.8,0.5,0.20913884007029876,0.46309314586994726,0.19947275922671354,0.5202108963093146,0.5492091388400703,0.5553602811950791,0.31282952548330406,0.5342706502636204,1.9500000000000002,0,0.0,0.0,0.0,
307,2024-25,Josh Christopher,MIA,SG,2025,14.0,4.9,2.0,0.6,0.6,0.4,0.2,-0.1,-0.073,-7.9,-0.1,0.416,9.4,25.5,0.4512195121951219,0.11599297012302284,0.17311072056239016,0.04481546572934974,0.0641476274165202,0.05799648506151142,0.2521968365553603,0.1827768014059754,0.37785588752196836,0.09999999999999987,0,0.0,0.0,0.0,
308,2024-25,Craig Porter Jr.,CLE,PG,2025,51.0,10.1,3.7,1.3,1.4,0.3,0.3,1.1,0.102,1.1,0.4,0.61,13.1,15.9,0.7804878048780488,0.22583479789103691,0.46309314586994726,0.15992970123022848,0.44991212653778556,0.7882249560632689,0.6370826010544816,0.5166959578207382,0.9551845342706503,2.1,0,0.0,0.0,0.0,
309,2024-25,Cui Yongxi,BRK,SG,2025,5.0,2.0,0.6,0.4,0.0,0.0,0.0,-0.1,-0.473,-24.9,-0.1,0.19,-10.7,34.4,0.3170731707317073,0.022847100175746926,0.011423550087873463,0.020210896309314587,0.0641476274165202,0.0017574692442882249,0.2521968365553603,0.0035149384885764497,0.18189806678383127,-2.24,0,0.0,0.0,0.0,
310,2024-25,D'Angelo Russell,2TM,PG,2025,58.0,25.5,12.6,2.8,5.1,1.0,0.4,1.9,0.063,-0.4,0.6,0.522,14.0,24.0,0.4634146341463415,0.7724077328646749,0.9191564147627417,0.4200351493848858,0.5869947275922671,0.6028119507908611,0.7082601054481547,0.5808435852372583,0.39718804920913886,6.1899999999999995,1,0.0,9.976428739498488e-08,0.0,
311,2024-25,D.J. Carton,TOR,SG,2025,4.0,8.3,0.8,1.0,0.8,0.5,0.0,-0.1,-0.199,-11.1,-0.1,0.202,-2.6,14.5,0.3658536585365853,0.03427065026362039,0.23813708260105448,0.10281195079086115,0.0641476274165202,0.028119507908611598,0.2521968365553603,0.012302284710017574,0.22847100175746923,-0.5400000000000001,0,0.0,0.0,0.0,
312,2024-25,DaQuan Jeffries,CHO,SG,2025,47.0,22.8,6.7,2.9,1.1,0.6,0.5,0.6,0.027,-4.7,-0.7,0.518,7.9,13.5,0.2317073170731707,0.45606326889279436,0.3602811950790861,0.44112478031634444,0.3391915641476274,0.15202108963093147,0.03602811950790861,0.12126537785588752,0.06766256590509666,2.65,1,0.0,1.4052549516769613e-11,0.0,
313,2024-25,Daeqwon Plowden,ATL,SG,2025,6.0,12.0,7.2,1.8,0.3,0.0,0.0,0.2,0.125,-0.1,0.0,0.831,16.1,17.0,0.4878048780487805,0.4982425307557118,0.070298769771529,0.25746924428822493,0.23286467486818982,0.6353251318101933,0.3875219683655536,0.7284710017574693,0.48945518453427067,2.8800000000000003,0,0.0,0.0,0.0,
314,2024-25,Cody Williams,UTA,SG,2025,50.0,21.2,4.6,2.3,1.2,0.5,0.3,-1.2,-0.053,-7.3,-1.4,0.419,3.7,12.5,0.2073170731707317,0.31282952548330406,0.3998242530755712,0.3312829525483304,0.0017574692442882249,0.06942003514938488,0.006151142355008787,0.04657293497363796,0.012302284710017574,1.2249999999999999,1,0.0,7.412802791426036e-13,0.0,
315,2024-25,Cody Martin,2TM,SF,2025,53.0,22.1,6.8,4.2,2.0,1.1,0.6,1.3,0.054,-1.7,0.1,0.509,11.3,14.7,0.28647031753336394,0.46133567662565905,0.6274165202108963,0.6898066783831283,0.4929701230228471,0.4235500878734622,0.4973637961335677,0.351493848857645,0.1282952548330404,3.5,1,0.0,1.7781120206347395e-10,0.0,
316,2024-25,Coby White,CHI,SG,2025,74.0,33.1,20.4,3.7,4.5,0.9,0.2,4.5,0.088,-0.9,0.7,0.601,15.5,24.4,0.4756097560975609,0.9191564147627417,0.8875219683655536,0.6080843585237259,0.8383128295254832,0.5342706502636204,0.7328646748681898,0.6748681898066784,0.4349736379613357,9.405,1,0.0,3.9458187667286016e-07,0.0,
317,2024-25,Clint Capela,ATL,C,2025,55.0,21.4,8.9,8.5,1.1,0.6,1.0,3.2,0.131,-1.0,0.3,0.564,17.7,16.7,0.4878048780487805,0.5966608084358523,0.3602811950790861,0.9578207381370826,0.7293497363796133,0.5193321616871704,0.5966608084358523,0.8163444639718805,0.48945518453427067,5.15,1,0.0,3.079576108867349e-08,0.0,
318,2024-25,Chuma Okeke,2TM,PF,2025,9.0,21.8,5.9,5.2,1.7,0.6,0.4,0.6,0.145,-0.2,0.1,0.641,15.3,9.8,0.4010840108401084,0.3866432337434095,0.5500878734622144,0.8014059753954306,0.3391915641476274,0.624780316344464,0.4973637961335677,0.6616871704745168,0.25746924428822493,3.2849999999999997,0,0.0,0.0,0.0,
319,2024-25,Christian Koloko,LAL,C,2025,37.0,9.2,2.4,2.5,0.4,0.2,0.4,0.9,0.13,-2.8,-0.1,0.624,13.0,10.8,0.6097560975609756,0.14411247803163443,0.1063268892794376,0.3655536028119508,0.4086115992970123,0.29701230228471004,0.2521968365553603,0.5114235500878734,0.7899824253075571,1.1949999999999998,0,0.0,0.0,0.0,
320,2024-25,Chris Paul,SAS,PG,2025,82.0,28.0,8.8,3.6,7.4,1.3,0.3,5.7,0.12,0.8,1.6,0.58,14.7,14.0,0.4146341463414634,0.5905096660808435,0.9859402460456942,0.5896309314586995,0.9059753954305799,0.7583479789103691,0.8646748681898067,0.624780316344464,0.2759226713532513,6.32,1,0.0,1.1244149499805782e-07,0.0,
321,2024-25,Chris Livingston,MIL,SF,2025,21.0,5.0,1.4,1.7,0.2,0.2,0.0,0.1,0.035,-6.1,-0.1,0.441,9.8,16.6,0.5853658536585366,0.0632688927943761,0.040421792618629174,0.2390158172231986,0.18717047451669597,0.10456942003514938,0.2521968365553603,0.2179261862917399,0.6520210896309314,0.19499999999999995,0,0.0,0.0,0.0,
322,2024-25,Chris Duarte,CHI,SG,2025,17.0,4.4,2.1,1.2,0.5,0.0,0.0,0.3,0.171,1.2,0.1,0.61,16.5,17.2,0.4756097560975609,0.12390158172231985,0.13971880492091387,0.13796133567662566,0.2618629173989455,0.7978910369068541,0.4973637961335677,0.7548330404217927,0.4349736379613357,1.1949999999999998,0,0.0,0.0,0.0,
323,2024-25,Chris Boucher,TOR,PF,2025,50.0,17.2,10.0,4.5,0.7,0.5,0.5,2.7,0.148,2.3,0.9,0.615,18.7,21.2,0.3658536585365853,0.6660808435852372,0.2047451669595782,0.7249560632688928,0.6739894551845342,0.8681898066783831,0.7688927943760984,0.8664323374340949,0.22847100175746923,5.085000000000001,0,0.0,0.0,0.0,
324,2024-25,Chet Holmgren,OKC,C,2025,32.0,27.4,15.0,8.0,2.0,0.7,2.2,3.2,0.173,2.4,1.0,0.599,19.2,22.0,0.8292682926829268,0.8347978910369068,0.6274165202108963,0.9393673110720563,0.7293497363796133,0.8743409490333919,0.7794376098418277,0.8875219683655536,0.984182776801406,7.73,0,0.0,0.0,0.0,
325,2024-25,Charles Bassey,SAS,C,2025,36.0,10.4,4.4,4.2,0.5,0.4,0.8,1.1,0.136,-1.1,0.1,0.597,19.0,17.5,0.4146341463414634,0.29437609841827767,0.13971880492091387,0.6898066783831283,0.44991212653778556,0.5087873462214412,0.4973637961335677,0.8787346221441125,0.2759226713532513,2.3800000000000003,0,0.0,0.0,0.0,
326,2024-25,Cason Wallace,OKC,SG,2025,68.0,27.6,8.4,3.4,2.5,1.8,0.5,5.2,0.133,1.0,1.5,0.562,12.3,12.8,0.8292682926829268,0.5588752196836555,0.7223198594024605,0.5527240773286467,0.8787346221441125,0.7803163444639719,0.8558875219683656,0.44200351493848855,0.984182776801406,5.09,1,0.0,1.3508483566780015e-06,0.0,
327,2024-25,Caris LeVert,2TM,SG,2025,64.0,24.9,12.1,3.2,3.4,0.9,0.5,4.0,0.119,0.9,1.2,0.582,15.2,19.4,0.6615853658536586,0.7513181019332161,0.8093145869947276,0.5052724077328646,0.7996485061511424,0.7715289982425307,0.8145869947275922,0.6537785588752196,0.9121265377855887,6.284999999999999,1,0.0,3.75714511198719e-06,0.0,
328,2024-25,Cameron Payne,NYK,PG,2025,72.0,15.1,6.9,1.4,2.8,0.5,0.2,2.3,0.099,-0.2,0.5,0.532,13.8,20.8,0.6219512195121951,0.47012302284710017,0.7592267135325131,0.18014059753954306,0.6256590509666081,0.624780316344464,0.6766256590509666,0.5632688927943761,0.8646748681898067,3.625,0,0.0,0.0,0.0,
329,2024-25,Cameron Johnson,BRK,PF,2025,57.0,31.6,18.8,4.3,3.4,0.9,0.4,5.1,0.137,3.1,2.3,0.632,18.2,22.9,0.3170731707317073,0.8963093145869947,0.8093145869947276,0.7047451669595782,0.867311072056239,0.9015817223198594,0.9244288224956063,0.8409490333919156,0.18189806678383127,9.235,1,0.0,7.355478335704986e-07,0.0,
330,2024-25,Cam Whitmore,HOU,SF,2025,51.0,16.2,9.4,3.0,1.0,0.6,0.3,1.8,0.106,0.3,0.5,0.549,15.5,23.9,0.6341463414634146,0.6353251318101933,0.31370826010544817,0.46660808435852374,0.5685413005272407,0.6862917398945518,0.6766256590509666,0.6748681898066784,0.8945518453427065,4.330000000000001,0,0.0,0.0,0.0,
331,2024-25,Daishen Nix,MIN,PG,2025,3.0,4.3,0.3,1.3,1.0,0.0,0.0,-0.1,-0.327,-16.2,0.0,0.266,-7.0,19.6,0.5975609756097561,0.01845342706502636,0.31370826010544817,0.15992970123022848,0.0641476274165202,0.012302284710017574,0.3875219683655536,0.005272407732864675,0.7144112478031635,-1.1400000000000001,0,0.0,0.0,0.0,
332,2024-25,Dalano Banton,POR,PG,2025,67.0,16.7,8.3,2.0,2.4,0.6,0.5,0.8,0.033,-0.8,0.3,0.497,12.9,24.1,0.4390243902439024,0.5518453427065027,0.7082601054481547,0.2820738137082601,0.39103690685413006,0.5492091388400703,0.5966608084358523,0.5008787346221442,0.3304042179261863,3.765,0,0.0,0.0,0.0,
333,2024-25,Dalen Terry,CHI,SG,2025,73.0,13.5,4.5,1.7,1.3,0.6,0.2,1.1,0.052,-3.8,-0.5,0.546,9.6,14.9,0.47560975609756084,0.30404217926186294,0.4279437609841828,0.2390158172231986,0.44991212653778556,0.2100175746924429,0.06063268892794376,0.1968365553602812,0.4103690685413005,1.9300000000000002,0,0.0,0.0,0.0,
334,2024-25,De'Anthony Melton,GSW,SG,2025,6.0,20.2,10.3,3.3,2.8,1.2,0.3,0.2,0.076,-0.8,0.0,0.539,13.3,23.5,0.5853658536585366,0.687170474516696,0.7592267135325131,0.5281195079086116,0.23286467486818982,0.5492091388400703,0.3875219683655536,0.5254833040421792,0.6520210896309314,4.62,0,0.0,0.0,0.0,
335,2024-25,Dillon Jones,OKC,SF,2025,54.0,10.2,2.5,2.2,1.1,0.3,0.1,0.8,0.067,-4.0,-0.3,0.464,8.1,13.3,0.8292682926829268,0.15114235500878734,0.3602811950790861,0.3172231985940246,0.39103690685413006,0.1977152899824253,0.10808435852372583,0.1256590509666081,0.984182776801406,1.185,0,0.0,0.0,0.0,
336,2024-25,Dillon Brooks,HOU,SF,2025,75.0,31.8,14.0,3.7,1.7,0.8,0.2,5.1,0.103,-1.4,0.4,0.555,11.0,17.7,0.6341463414634146,0.8031634446397188,0.5500878734622144,0.6080843585237259,0.867311072056239,0.4727592267135325,0.6370826010544816,0.3251318101933216,0.8945518453427065,6.675,1,0.0,4.1667530524616796e-07,0.0,
337,2024-25,Devin Vassell,SAS,SG,2025,64.0,31.0,16.3,4.0,2.9,1.3,0.5,2.2,0.054,-1.1,0.4,0.553,14.2,22.1,0.4146341463414634,0.8550087873462214,0.7697715289982425,0.6652021089630932,0.6177504393673111,0.5087873462214412,0.6370826010544816,0.5931458699472759,0.2759226713532513,7.215,1,0.0,1.0278244516528762e-08,0.0,
338,2024-25,Devin Carter,SAC,PG,2025,36.0,11.0,3.8,2.1,1.1,0.6,0.1,0.4,0.043,-3.2,-0.1,0.471,10.8,17.9,0.48780487804878053,0.23462214411247803,0.3602811950790861,0.29964850615114236,0.29349736379613356,0.2627416520210896,0.2521968365553603,0.29964850615114236,0.5140597539543058,1.6249999999999998,0,0.0,0.0,0.0,
339,2024-25,Devin Booker,PHO,SG,2025,75.0,37.3,25.6,4.1,7.1,0.9,0.2,6.4,0.111,0.4,1.7,0.589,19.3,29.3,0.4390243902439024,0.9806678383128296,0.976274165202109,0.6775043936731108,0.9261862917398945,0.7047451669595782,0.8787346221441125,0.8919156414762741,0.3304042179261863,12.314999999999998,1,0.0,1.0925213352159036e-05,0.0,
340,2024-25,Desmond Bane,MEM,SG,2025,69.0,32.0,19.2,6.1,5.3,1.2,0.4,6.5,0.142,3.2,2.9,0.6,17.9,23.3,0.5853658536585366,0.9068541300527241,0.9279437609841827,0.8681898066783831,0.9305799648506151,0.9121265377855887,0.945518453427065,0.8295254833040422,0.6520210896309314,10.315,1,0.0,3.435225208690421e-05,0.0,
341,2024-25,Derrick Jones Jr.,LAC,SF,2025,77.0,24.3,10.1,3.4,0.8,1.0,0.4,4.7,0.12,-0.3,0.8,0.609,13.5,16.5,0.6097560975609756,0.6731107205623902,0.23813708260105448,0.5527240773286467,0.8488576449912126,0.6133567662565905,0.7548330404217927,0.5369068541300527,0.7899824253075571,5.115,1,0.0,1.9884293000867808e-07,0.0,
342,2024-25,Dereck Lively II,DAL,C,2025,36.0,23.1,8.7,7.5,2.4,0.6,1.6,3.4,0.199,3.3,1.1,0.704,20.1,13.6,0.47560975609756084,0.5790861159929701,0.7082601054481547,0.9226713532513181,0.7486818980667839,0.9209138840070299,0.7917398945518453,0.9226713532513181,0.4103690685413005,5.659999999999999,1,0.0,2.258526040916899e-07,0.0,
343,2024-25,Dennis Schröder,3TM,PG,2025,75.0,28.1,13.1,2.6,5.4,0.9,0.2,3.2,0.073,-2.2,-0.1,0.531,12.7,21.6,0.48487804878048785,0.7864674868189807,0.9332161687170475,0.38137082601054484,0.7293497363796133,0.37434094903339193,0.2521968365553603,0.4789103690685413,0.46572934973637964,6.4750000000000005,1,0.0,7.038372901675828e-08,0.0,
344,2024-25,Deni Avdija,POR,SF,2025,72.0,30.0,16.9,7.3,3.9,1.0,0.5,5.6,0.124,2.1,2.2,0.605,17.7,23.2,0.4390243902439024,0.8629173989455184,0.8471001757469244,0.9156414762741653,0.8989455184534271,0.859402460456942,0.9182776801405975,0.8163444639718805,0.3304042179261863,9.12,1,0.0,1.307897163587123e-06,0.0,
345,2024-25,Delon Wright,2TM,PG,2025,40.0,15.9,3.1,1.7,1.9,0.9,0.3,0.7,0.053,-1.4,0.1,0.44,9.2,11.3,0.598170731707317,0.18541300527240773,0.6001757469244289,0.2390158172231986,0.3655536028119508,0.4727592267135325,0.4973637961335677,0.17223198594024605,0.7311072056239016,1.7199999999999998,0,0.0,0.0,0.0,
346,2024-25,Dejounte Murray,NOP,PG,2025,31.0,32.6,17.5,6.5,7.4,2.0,0.4,0.2,0.009,-1.6,0.1,0.494,15.4,27.3,0.2560975609756097,0.8725834797891037,0.9859402460456942,0.8866432337434095,0.23286467486818982,0.4428822495606327,0.4973637961335677,0.6678383128295254,0.10896309314586995,8.459999999999999,0,0.0,0.0,0.0,
347,2024-25,DeMar DeRozan,SAC,SF,2025,77.0,35.9,22.2,3.9,4.4,0.8,0.4,7.1,0.123,-0.1,1.3,0.569,17.7,25.0,0.48780487804878053,0.9428822495606327,0.8760984182776801,0.648506151142355,0.9402460456942003,0.6353251318101933,0.836555360281195,0.8163444639718805,0.5140597539543058,10.645,1,0.0,7.63134822673657e-06,0.0,
348,2024-25,DeAndre Jordan,DEN,C,2025,56.0,12.3,3.7,5.1,0.9,0.3,0.5,1.8,0.127,-1.2,0.2,0.621,15.4,12.8,0.6097560975609756,0.22583479789103691,0.2750439367311072,0.7926186291739895,0.5685413005272407,0.4991212653778559,0.5553602811950791,0.6678383128295254,0.7899824253075571,2.4799999999999995,0,0.0,0.0,0.0,
349,2024-25,De'Andre Hunter,2TM,SF,2025,64.0,27.2,17.0,4.0,1.4,0.8,0.2,4.4,0.122,0.4,1.0,0.623,15.9,22.8,0.6112804878048781,0.8655536028119508,0.46309314586994726,0.6652021089630932,0.8321616871704746,0.7047451669595782,0.7794376098418277,0.7065026362038664,0.8453427065026362,7.749999999999999,1,0.0,1.800784226739183e-06,0.0,
350,2024-25,Dalton Knecht,LAL,SF,2025,78.0,19.2,9.1,2.8,0.8,0.3,0.1,2.7,0.086,-1.8,0.1,0.594,12.7,18.5,0.6097560975609756,0.6186291739894552,0.23813708260105448,0.4200351493848858,0.6739894551845342,0.4121265377855888,0.4973637961335677,0.4789103690685413,0.7899824253075571,4.125,0,0.0,0.0,0.0,
351,2024-25,De'Aaron Fox,2TM,PG,2025,62.0,36.1,23.5,4.8,6.3,1.5,0.4,4.3,0.093,0.4,1.3,0.56,18.3,28.3,0.46774193548387094,0.9525483304042179,0.9657293497363796,0.7565905096660809,0.8189806678383128,0.7047451669595782,0.836555360281195,0.8488576449912126,0.3989455184534271,11.104999999999999,1,0.0,1.2667240843236881e-06,0.0,
352,2024-25,Day'Ron Sharpe,BRK,C,2025,50.0,18.2,7.9,6.6,1.8,0.8,0.8,2.7,0.141,0.9,0.7,0.568,19.7,19.9,0.3170731707317073,0.5351493848857645,0.5773286467486819,0.8919156414762741,0.6739894551845342,0.7715289982425307,0.7328646748681898,0.9033391915641477,0.18189806678383127,4.745,0,0.0,0.0,0.0,
353,2024-25,Davion Mitchell,2TM,PG,2025,74.0,27.4,7.9,2.3,4.9,1.0,0.2,3.0,0.07,-2.6,-0.3,0.573,10.2,13.6,0.4004614370468028,0.5351493848857645,0.9077328646748682,0.3312829525483304,0.7117750439367311,0.3233743409490334,0.10808435852372583,0.2548330404217926,0.2548330404217926,4.43,1,0.0,1.5469580449428324e-09,0.0,
354,2024-25,David Roddy,3TM,PF,2025,33.0,12.4,4.6,2.5,1.1,0.4,0.3,0.5,0.062,-1.5,0.1,0.561,11.9,16.0,0.483370288248337,0.31282952548330406,0.3602811950790861,0.3655536028119508,0.3216168717047452,0.46045694200351495,0.4973637961335677,0.3945518453427065,0.46397188049209137,2.1550000000000002,0,0.0,0.0,0.0,
355,2024-25,David Duke Jr.,SAS,SG,2025,6.0,5.7,2.7,0.8,0.7,0.2,0.0,0.0,0.023,-1.5,0.0,0.538,12.2,21.2,0.4146341463414634,0.16520210896309315,0.2047451669595782,0.07205623901581722,0.12390158172231985,0.46045694200351495,0.3875219683655536,0.429701230228471,0.2759226713532513,1.0550000000000002,0,0.0,0.0,0.0,
356,2024-25,Dariq Whitehead,BRK,SF,2025,20.0,12.3,5.7,1.5,0.6,0.3,0.1,0.1,0.01,-3.7,-0.1,0.58,9.4,20.1,0.3170731707317073,0.37082601054481545,0.17311072056239016,0.19947275922671354,0.18717047451669597,0.21968365553602812,0.2521968365553603,0.1827768014059754,0.18189806678383127,1.9899999999999998,0,0.0,0.0,0.0,
357,2024-25,Dario Šarić,DEN,C,2025,16.0,13.1,3.5,3.1,1.4,0.4,0.1,0.0,0.001,-4.8,-0.1,0.449,7.7,15.6,0.6097560975609756,0.20913884007029876,0.46309314586994726,0.4876977152899824,0.12390158172231985,0.14674868189806678,0.2521968365553603,0.11335676625659051,0.7899824253075571,1.4899999999999998,0,0.0,0.0,0.0,
358,2024-25,Danté Exum,DAL,PG,2025,20.0,18.6,8.7,1.7,2.8,0.6,0.2,0.6,0.083,-2.3,0.0,0.589,13.6,19.6,0.47560975609756084,0.5790861159929701,0.7592267135325131,0.2390158172231986,0.3391915641476274,0.3585237258347979,0.3875219683655536,0.5456942003514939,0.4103690685413005,3.7499999999999996,0,0.0,0.0,0.0,
359,2024-25,Daniss Jenkins,DET,PG,2025,7.0,3.3,1.0,0.3,0.4,0.0,0.0,-0.1,-0.15,-15.8,-0.1,0.322,-0.1,21.8,0.5365853658536586,0.048330404217926184,0.1063268892794376,0.014938488576449912,0.0641476274165202,0.014059753954305799,0.2521968365553603,0.022847100175746926,0.5729349736379613,-1.125,0,0.0,0.0,0.0,
360,2024-25,Daniel Theis,NOP,C,2025,38.0,16.3,4.3,4.3,1.6,0.5,0.5,1.0,0.077,-3.3,-0.2,0.558,12.1,11.6,0.2560975609756097,0.28471001757469244,0.5228471001757469,0.7047451669595782,0.429701230228471,0.2504393673110721,0.15992970123022848,0.4182776801405975,0.10896309314586995,2.34,0,0.0,0.0,0.0,
361,2024-25,Daniel Gafford,DAL,C,2025,57.0,21.5,12.3,6.8,1.4,0.4,1.8,5.9,0.232,3.8,1.8,0.716,24.7,19.5,0.4756097560975609,0.7601054481546573,0.46309314586994726,0.8971880492091389,0.9147627416520211,0.9437609841827768,0.8919156414762741,0.9876977152899824,0.4349736379613357,7.165,1,0.0,9.437069793757192e-06,0.0,
362,2024-25,Damion Lee,PHO,SG,2025,25.0,5.8,3.3,0.8,0.4,0.2,0.0,-0.1,-0.031,-5.1,-0.1,0.499,11.9,28.6,0.4390243902439024,0.19507908611599298,0.1063268892794376,0.07205623901581722,0.0641476274165202,0.13796133567662566,0.2521968365553603,0.3945518453427065,0.3304042179261863,0.825,0,0.0,0.0,0.0,
363,2024-25,Damion Baugh,CHO,SG,2025,15.0,24.7,7.3,3.3,3.7,1.0,0.1,-0.5,-0.069,-7.1,-0.5,0.399,6.3,19.3,0.2317073170731707,0.5087873462214412,0.8330404217926186,0.5281195079086116,0.012302284710017574,0.07820738137082602,0.06063268892794376,0.07293497363796134,0.06766256590509666,2.98,0,0.0,0.0,0.0,
364,2024-25,Damian Lillard,MIL,PG,2025,58.0,36.1,24.9,4.7,7.1,1.2,0.2,7.6,0.175,4.0,3.2,0.621,21.3,27.8,0.5853658536585364,0.9771528998242531,0.976274165202109,0.7442882249560633,0.9525483304042179,0.9499121265377856,0.9569420035149385,0.9472759226713533,0.6089630931458699,12.759999999999998,1,0.0,0.0004798010284440728,0.0,
365,2024-25,Cam Thomas,BRK,SG,2025,25.0,31.2,24.0,3.3,3.8,0.6,0.1,1.2,0.071,0.3,0.5,0.575,18.0,32.6,0.3170731707317073,0.9586994727592267,0.8418277680140598,0.5281195079086116,0.46924428822495606,0.6862917398945518,0.6766256590509666,0.8312829525483304,0.18189806678383127,9.924999999999997,0,0.0,0.0,0.0,
366,2024-25,Cam Spencer,MEM,SG,2025,25.0,10.1,4.2,1.2,1.4,0.4,0.0,0.8,0.16,0.5,0.2,0.587,14.2,15.4,0.5853658536585366,0.273286467486819,0.46309314586994726,0.13796133567662566,0.39103690685413006,0.718804920913884,0.5553602811950791,0.5931458699472759,0.6520210896309314,2.1399999999999997,0,0.0,0.0,0.0,
367,2024-25,Cam Reddish,LAL,SF,2025,33.0,17.8,3.2,2.0,0.7,1.0,0.3,0.7,0.054,-2.7,-0.1,0.498,7.4,8.8,0.6097560975609756,0.18980667838312829,0.2047451669595782,0.2820738137082601,0.3655536028119508,0.3110720562390158,0.2521968365553603,0.10369068541300527,0.7899824253075571,1.4299999999999997,0,0.0,0.0,0.0,
368,2024-25,Alondes Williams,DET,SG,2025,1.0,4.0,5.0,0.0,1.0,0.0,0.0,0.0,0.565,44.1,0.0,1.25,53.4,21.1,0.5365853658536586,0.3321616871704745,0.31370826010544817,0.005272407732864675,0.12390158172231985,1.0,0.3875219683655536,1.0,0.5729349736379613,6.36,0,0.0,0.0,0.0,
369,2024-25,Ayo Dosunmu,CHI,SG,2025,46.0,30.3,12.3,3.5,4.5,0.9,0.4,2.5,0.087,-1.6,0.1,0.585,12.8,16.6,0.4756097560975609,0.7601054481546573,0.8875219683655536,0.5738137082601055,0.6511423550087874,0.4428822495606327,0.4973637961335677,0.48857644991212656,0.4349736379613357,6.07,1,0.0,1.293686564060665e-08,0.0,
370,2024-25,Austin Reaves,LAL,SG,2025,73.0,34.9,20.2,4.5,5.8,1.1,0.3,7.6,0.144,1.9,2.6,0.616,18.1,23.7,0.6097560975609756,0.9147627416520211,0.9490333919156415,0.7249560632688928,0.9525483304042179,0.8471001757469244,0.9358523725834798,0.8347978910369068,0.7899824253075571,10.614999999999998,1,0.0,8.123195864578226e-05,0.0,
371,2024-25,Armel Traoré,LAL,SF,2025,9.0,7.4,1.6,1.7,0.1,0.4,0.2,-0.1,-0.092,-9.8,-0.1,0.317,3.5,16.4,0.6097560975609756,0.08172231985940245,0.025483304042179262,0.2390158172231986,0.0641476274165202,0.03690685413005272,0.2521968365553603,0.043936731107205626,0.7899824253075571,-0.16500000000000015,0,0.0,0.0,0.0,
372,2024-25,Ariel Hukporti,NYK,C,2025,25.0,8.7,1.9,2.0,0.4,0.0,0.6,0.1,0.02,-5.6,-0.2,0.654,7.6,11.6,0.6219512195121951,0.10984182776801406,0.1063268892794376,0.2820738137082601,0.18717047451669597,0.11247803163444639,0.15992970123022848,0.11072056239015818,0.8646748681898067,0.505,0,0.0,0.0,0.0,
373,2024-25,Antonio Reeves,NOP,SG,2025,44.0,15.0,6.9,1.4,0.9,0.5,0.1,0.4,0.029,-3.2,-0.2,0.579,11.7,18.8,0.2560975609756097,0.47012302284710017,0.2750439367311072,0.18014059753954306,0.29349736379613356,0.2627416520210896,0.15992970123022848,0.37873462214411246,0.10896309314586995,2.5650000000000004,0,0.0,0.0,0.0,
374,2024-25,Anton Watson,NYK,SF,2025,9.0,2.4,0.9,0.3,0.2,0.1,0.0,0.0,-0.07,-10.1,0.0,0.444,5.9,21.7,0.6219512195121951,0.040421792618629174,0.040421792618629174,0.014938488576449912,0.12390158172231985,0.0351493848857645,0.3875219683655536,0.06678383128295255,0.8646748681898067,-0.6100000000000001,0,0.0,0.0,0.0,
375,2024-25,Anthony Gill,WAS,PF,2025,51.0,7.8,2.5,1.3,0.3,0.2,0.0,0.5,0.058,-4.5,-0.3,0.586,10.2,12.7,0.2195121951219512,0.15114235500878734,0.070298769771529,0.15992970123022848,0.3216168717047452,0.1608084358523726,0.10808435852372583,0.2548330404217926,0.04130052724077329,0.7800000000000002,0,0.0,0.0,0.0,
376,2024-25,Anthony Black,ORL,PG,2025,78.0,24.2,9.4,2.9,3.1,1.1,0.6,2.4,0.061,-1.9,0.0,0.521,11.6,19.6,0.5,0.6353251318101933,0.7838312829525483,0.44112478031634444,0.6353251318101933,0.4033391915641476,0.3875219683655536,0.37170474516695956,0.5342706502636204,4.634999999999999,1,0.0,1.9877263130174195e-08,0.0,
377,2024-25,Anfernee Simons,POR,SG,2025,70.0,32.7,19.3,2.7,4.8,0.9,0.1,4.2,0.087,-0.1,1.1,0.557,14.9,24.6,0.4390243902439024,0.9094903339191565,0.9033391915641477,0.3998242530755712,0.8084358523725835,0.6353251318101933,0.7917398945518453,0.6353251318101933,0.3304042179261863,8.95,1,0.0,5.720621528155406e-07,0.0,
378,2024-25,Andrew Wiggins,2TM,SF,2025,60.0,30.7,18.0,4.5,2.6,1.0,0.8,4.0,0.104,0.9,1.4,0.566,16.4,24.5,0.5473577235772357,0.8796133567662566,0.7363796133567663,0.7249560632688928,0.7996485061511424,0.7715289982425307,0.8479789103690686,0.7469244288224957,0.5905096660808435,8.385,1,0.0,1.6981648717339948e-06,0.0,
379,2024-25,Andrew Nembhard,IND,SG,2025,65.0,28.9,10.0,3.3,5.0,1.2,0.2,2.8,0.071,-2.3,-0.1,0.545,11.7,16.3,0.6097560975609756,0.6660808435852372,0.9130052724077329,0.5281195079086116,0.68804920913884,0.3585237258347979,0.2521968365553603,0.37873462214411246,0.7899824253075571,5.324999999999999,1,0.0,3.8438957181514125e-08,0.0,
380,2024-25,Andre Jackson Jr.,MIL,SG,2025,67.0,14.6,3.4,2.7,1.2,0.5,0.2,1.2,0.059,-3.4,-0.3,0.554,8.6,11.9,0.5853658536585366,0.20123022847100175,0.3998242530755712,0.3998242530755712,0.46924428822495606,0.24428822495606328,0.10808435852372583,0.14323374340949033,0.6520210896309314,1.735,0,0.0,0.0,0.0,
381,2024-25,Andre Drummond,PHI,C,2025,40.0,18.8,7.3,7.8,0.9,1.0,0.5,1.2,0.078,-3.2,-0.2,0.535,16.0,19.1,0.2926829268292683,0.5087873462214412,0.2750439367311072,0.9323374340949033,0.46924428822495606,0.2627416520210896,0.15992970123022848,0.718804920913884,0.14674868189806678,3.8249999999999993,0,0.0,0.0,0.0,
382,2024-25,Amir Coffey,LAC,SG,2025,72.0,24.3,9.7,2.2,1.1,0.6,0.1,4.0,0.111,-1.7,0.1,0.614,11.2,15.3,0.6097560975609756,0.6502636203866432,0.3602811950790861,0.3172231985940246,0.7996485061511424,0.4235500878734622,0.4973637961335677,0.3427065026362039,0.7899824253075571,4.575,1,0.0,8.429015139356916e-08,0.0,
383,2024-25,Alex Sarr,WAS,C,2025,67.0,27.1,13.0,6.5,2.4,0.7,1.5,-0.3,-0.007,-3.3,-0.6,0.482,12.9,23.5,0.2195121951219512,0.7829525483304042,0.7082601054481547,0.8866432337434095,0.022847100175746926,0.2504393673110721,0.048330404217926184,0.5008787346221442,0.04130052724077329,5.614999999999999,1,0.0,2.2124800655701987e-10,0.0,
384,2024-25,Baylor Scheierman,BOS,SG,2025,31.0,12.4,3.6,2.1,1.1,0.5,0.1,0.7,0.089,-1.7,0.0,0.49,10.3,14.5,0.7439024390243902,0.21704745166959577,0.3602811950790861,0.29964850615114236,0.3655536028119508,0.4235500878734622,0.3875219683655536,0.26362038664323373,0.929701230228471,1.765,0,0.0,0.0,0.0,
385,2024-25,Alex Reese,2TM,PF,2025,15.0,14.4,5.1,3.1,0.3,0.7,0.7,0.5,0.109,-1.2,0.0,0.641,14.0,13.2,0.3284552845528455,0.3400702987697715,0.070298769771529,0.4876977152899824,0.3216168717047452,0.4991212653778559,0.3875219683655536,0.5808435852372583,0.20035149384885764,2.2899999999999996,0,0.0,0.0,0.0,
386,2024-25,Alex Len,2TM,C,2025,46.0,8.3,1.6,2.1,0.8,0.2,0.5,0.7,0.083,-2.6,-0.1,0.525,10.6,10.3,0.5143160127253447,0.08172231985940245,0.23813708260105448,0.29964850615114236,0.3655536028119508,0.3233743409490334,0.2521968365553603,0.28383128295254834,0.5500878734622144,0.9149999999999998,0,0.0,0.0,0.0,
387,2024-25,Alex Ducas,OKC,SG,2025,21.0,6.0,1.7,1.2,0.2,0.2,0.0,0.3,0.125,-2.0,0.0,0.583,10.1,11.8,0.8292682926829268,0.0913884007029877,0.040421792618629174,0.13796133567662566,0.2618629173989455,0.3936731107205624,0.3875219683655536,0.2451669595782074,0.984182776801406,0.675,0,0.0,0.0,0.0,
388,2024-25,Alex Caruso,OKC,SG,2025,54.0,19.3,7.1,2.9,2.5,1.6,0.6,3.9,0.18,4.0,1.6,0.568,15.9,15.2,0.8292682926829268,0.4868189806678383,0.7223198594024605,0.44112478031634444,0.7917398945518453,0.9499121265377856,0.8646748681898067,0.7065026362038664,0.984182776801406,4.6000000000000005,0,0.0,0.0,0.0,
389,2024-25,Alec Burks,MIA,SG,2025,49.0,17.6,7.3,2.5,1.1,0.6,0.1,1.8,0.1,0.3,0.5,0.608,12.8,16.5,0.45121951219512196,0.5087873462214412,0.3602811950790861,0.3655536028119508,0.5685413005272407,0.6862917398945518,0.6766256590509666,0.48857644991212656,0.39015817223198596,3.5399999999999996,0,0.0,0.0,0.0,
390,2024-25,Ajay Mitchell,OKC,SG,2025,36.0,16.6,6.5,1.9,1.8,0.7,0.1,1.5,0.122,-1.6,0.1,0.587,12.0,16.2,0.8292682926829268,0.4367311072056239,0.5773286467486819,0.2697715289982425,0.5202108963093146,0.4428822495606327,0.4973637961335677,0.4077328646748682,0.984182776801406,3.0599999999999996,0,0.0,0.0,0.0,
391,2024-25,Adem Bona,PHI,C,2025,58.0,15.6,5.8,4.2,0.5,0.4,1.2,2.3,0.121,-2.7,-0.2,0.714,16.5,14.3,0.2926829268292682,0.37697715289982425,0.13971880492091387,0.6898066783831283,0.6256590509666081,0.3110720562390158,0.15992970123022848,0.7548330404217927,0.13005272407732865,2.9499999999999997,0,0.0,0.0,0.0,
392,2024-25,Adama Sanogo,CHI,C,2025,4.0,5.3,2.0,1.5,0.3,0.0,0.0,0.0,0.105,-2.6,0.0,0.571,15.2,15.9,0.4756097560975609,0.11599297012302284,0.070298769771529,0.19947275922671354,0.12390158172231985,0.3233743409490334,0.3875219683655536,0.6537785588752196,0.4349736379613357,0.725,0,0.0,0.0,0.0,
393,2024-25,Adam Flagler,OKC,SG,2025,37.0,5.5,1.8,0.7,0.3,0.2,0.1,-0.3,-0.062,-10.3,-0.4,0.335,3.7,21.1,0.8292682926829268,0.10105448154657294,0.070298769771529,0.056239015817223195,0.022847100175746926,0.033391915641476276,0.07644991212653779,0.04657293497363796,0.984182776801406,-0.29500000000000015,0,0.0,0.0,0.0,
394,2024-25,Aaron Wiggins,OKC,SG,2025,76.0,22.9,12.0,3.9,1.8,0.8,0.2,5.4,0.148,1.1,1.4,0.596,16.1,20.3,0.8292682926829268,0.7460456942003515,0.5773286467486819,0.648506151142355,0.8919156414762741,0.7882249560632689,0.8479789103690686,0.7284710017574693,0.984182776801406,6.335,1,0.0,2.4273033956068107e-05,0.0,
395,2024-25,Aaron Nesmith,IND,SF,2025,45.0,24.9,12.0,4.0,1.2,0.8,0.4,2.9,0.126,-0.5,0.4,0.653,14.6,17.4,0.6097560975609756,0.7460456942003515,0.3998242530755712,0.6652021089630932,0.7003514938488576,0.5931458699472759,0.6370826010544816,0.6186291739894552,0.7899824253075571,5.569999999999999,1,0.0,9.049953676533364e-08,0.0,
396,2024-25,Aaron Holiday,HOU,PG,2025,62.0,12.8,5.5,1.3,1.3,0.3,0.2,2.0,0.122,-0.2,0.3,0.594,12.2,16.8,0.6341463414634146,0.36467486818980666,0.4279437609841828,0.15992970123022848,0.6019332161687171,0.624780316344464,0.5966608084358523,0.429701230228471,0.8945518453427065,2.7599999999999993,0,0.0,0.0,0.0,
397,2024-25,Aaron Gordon,DEN,PF,2025,51.0,28.4,14.7,4.8,3.2,0.5,0.3,4.3,0.143,1.2,1.2,0.65,17.0,19.0,0.6097560975609756,0.8295254833040422,0.7917398945518453,0.7565905096660809,0.8189806678383128,0.7978910369068541,0.8145869947275922,0.7803163444639719,0.7899824253075571,7.485,1,0.0,2.6657183850660773e-06,0.0,
398,2024-25,AJ Johnson,2TM,SG,2025,29.0,22.0,7.6,2.0,2.6,0.4,0.1,-0.4,-0.032,-8.1,-1.0,0.48,7.1,17.4,0.3078216989066442,0.523725834797891,0.7363796133567663,0.2820738137082601,0.016695957820738138,0.05272407732864675,0.016695957820738138,0.09666080843585237,0.16520210896309315,2.5899999999999994,0,0.0,0.0,0.0,
399,2024-25,Bam Adebayo,MIA,C,2025,78.0,34.3,18.1,9.6,4.3,1.3,0.7,7.5,0.135,2.0,2.7,0.561,18.9,23.5,0.45121951219512185,0.8822495606326889,0.8690685413005272,0.968365553602812,0.9481546572934973,0.8541300527240774,0.9411247803163445,0.8734622144112478,0.3664323374340949,10.334999999999999,1,0.0,5.021268057430694e-06,0.0,
400,2024-25,Ben Sheppard,IND,SG,2025,63.0,19.5,5.3,2.8,1.3,0.6,0.2,2.1,0.081,-2.0,0.0,0.555,9.2,11.3,0.6097560975609756,0.351493848857645,0.4279437609841828,0.4200351493848858,0.6115992970123023,0.3936731107205624,0.3875219683655536,0.17223198594024605,0.7899824253075571,2.7549999999999994,0,0.0,0.0,0.0,
401,2024-25,Cam Christie,LAC,SG,2025,13.0,4.5,1.4,0.9,0.5,0.4,0.1,0.0,-0.005,-2.5,0.0,0.349,9.1,20.5,0.6097560975609756,0.0632688927943761,0.13971880492091387,0.0852372583479789,0.12390158172231985,0.335676625659051,0.3875219683655536,0.1625659050966608,0.7899824253075571,0.475,0,0.0,0.0,0.0,
402,2024-25,Brandon Miller,CHO,SF,2025,27.0,34.2,21.0,4.9,3.6,1.1,0.7,0.4,0.023,0.0,0.4,0.54,14.0,27.7,0.2317073170731707,0.9253075571177505,0.8251318101933216,0.7680140597539543,0.29349736379613356,0.6493848857644992,0.6370826010544816,0.5808435852372583,0.06766256590509666,8.885,0,0.0,0.0,0.0,
403,2024-25,Caleb Martin,2TM,SF,2025,45.0,27.1,7.9,3.9,2.1,1.0,0.5,0.6,0.025,-3.2,-0.4,0.513,9.6,14.4,0.3495934959349593,0.5351493848857645,0.6537785588752196,0.648506151142355,0.3391915641476274,0.2627416520210896,0.07644991212653779,0.1968365553602812,0.20738137082601055,3.5700000000000003,1,0.0,7.856708777052045e-11,0.0,
404,2024-25,Caleb Houstan,ORL,SF,2025,58.0,13.6,4.1,1.3,0.6,0.4,0.1,1.8,0.109,-2.2,0.0,0.605,9.4,11.7,0.5,0.2592267135325132,0.17311072056239016,0.15992970123022848,0.5685413005272407,0.37434094903339193,0.3875219683655536,0.1827768014059754,0.5342706502636204,1.89,0,0.0,0.0,0.0,
405,2024-25,Cade Cunningham,DET,PG,2025,70.0,35.0,26.1,6.1,9.1,1.0,0.8,5.9,0.115,3.9,3.7,0.565,20.6,33.2,0.5365853658536586,0.9859402460456942,0.9947275922671354,0.8681898066783831,0.9147627416520211,0.945518453427065,0.9789103690685413,0.9358523725834798,0.5729349736379613,13.44,1,0.0,0.0008563225878829115,0.012,7.0
406,2024-25,CJ McCollum,NOP,PG,2025,56.0,32.7,21.1,3.8,4.1,0.8,0.4,1.5,0.038,-1.4,0.3,0.55,15.8,27.2,0.2560975609756097,0.9288224956063269,0.8550087873462214,0.6291739894551845,0.5202108963093146,0.4727592267135325,0.5966608084358523,0.6959578207381371,0.10896309314586995,8.935,1,0.0,1.1834603935953279e-08,0.0,
407,2024-25,Buddy Hield,GSW,SG,2025,82.0,22.7,11.1,3.2,1.6,0.8,0.3,2.8,0.073,-1.0,0.5,0.56,12.3,20.5,0.5853658536585366,0.7249560632688928,0.5228471001757469,0.5052724077328646,0.68804920913884,0.5193321616871704,0.6766256590509666,0.44200351493848855,0.6520210896309314,5.1450000000000005,1,0.0,1.139094420293882e-07,0.0,
408,2024-25,Bub Carrington,WAS,PG,2025,82.0,30.0,9.8,4.2,4.4,0.7,0.3,0.2,0.005,-4.6,-1.6,0.514,9.0,15.8,0.21951219512195116,0.6528998242530756,0.8760984182776801,0.6898066783831283,0.23286467486818982,0.15729349736379614,0.0026362038664323375,0.15641476274165203,0.029876977152899824,4.5200000000000005,1,0.0,2.3593669076610022e-11,0.0,
409,2024-25,Bryce McGowens,POR,SG,2025,13.0,2.5,1.0,0.2,0.2,0.1,0.0,-0.1,-0.172,-13.6,-0.1,0.391,1.7,26.8,0.43902439024390244,0.048330404217926184,0.040421792618629174,0.01054481546572935,0.0641476274165202,0.01845342706502636,0.2521968365553603,0.03163444639718805,0.35764499121265375,-0.9600000000000001,0,0.0,0.0,0.0,
410,2024-25,Bruno Fernando,TOR,C,2025,17.0,8.6,3.4,3.0,1.1,0.2,0.5,0.3,0.085,-0.7,0.1,0.552,15.3,18.9,0.3658536585365853,0.20123022847100175,0.3602811950790861,0.46660808435852374,0.2618629173989455,0.5650263620386643,0.4973637961335677,0.6616871704745168,0.22847100175746923,1.8499999999999999,0,0.0,0.0,0.0,
411,2024-25,Bruce Brown,2TM,PG,2025,41.0,22.5,8.3,4.0,2.0,0.8,0.2,0.7,0.035,-3.8,-0.4,0.504,10.9,17.2,0.30428316478286727,0.5518453427065027,0.6274165202108963,0.6652021089630932,0.3655536028119508,0.2100175746924429,0.07644991212653779,0.31282952548330406,0.1634446397188049,3.665,1,0.0,9.266797395743085e-11,0.0,
412,2024-25,Brook Lopez,MIL,C,2025,80.0,31.8,13.0,5.0,1.8,0.6,1.9,6.6,0.124,0.8,1.8,0.624,14.8,15.8,0.5853658536585366,0.7829525483304042,0.5773286467486819,0.7794376098418277,0.9332161687170475,0.7583479789103691,0.8919156414762741,0.6300527240773286,0.6520210896309314,7.0600000000000005,1,0.0,2.6599958362253223e-06,0.0,
413,2024-25,Bronny James,LAL,SG,2025,27.0,6.7,2.3,0.7,0.8,0.3,0.1,-0.2,-0.043,-7.2,-0.2,0.424,7.1,20.9,0.6097560975609757,0.13796133567662566,0.23813708260105448,0.056239015817223195,0.033391915641476276,0.07381370826010544,0.15992970123022848,0.09666080843585237,0.843585237258348,0.30999999999999994,0,0.0,0.0,0.0,
414,2024-25,Brice Sensabaugh,UTA,SF,2025,71.0,20.2,10.9,3.0,1.5,0.6,0.1,1.2,0.042,-1.2,0.3,0.612,13.4,21.5,0.2073170731707317,0.7135325131810193,0.4964850615114236,0.46660808435852374,0.46924428822495606,0.4991212653778559,0.5966608084358523,0.531634446397188,0.012302284710017574,4.6850000000000005,1,0.0,6.304589271385581e-10,0.0,
415,2024-25,Braxton Key,GSW,SF,2025,3.0,3.7,1.0,0.7,0.0,0.7,0.0,-0.1,-0.259,-13.6,0.0,0.226,1.1,29.3,0.5853658536585366,0.048330404217926184,0.011423550087873463,0.056239015817223195,0.0641476274165202,0.01845342706502636,0.3875219683655536,0.029876977152899824,0.6520210896309314,-0.9250000000000002,0,0.0,0.0,0.0,
416,2024-25,Brandon Williams,DAL,PG,2025,33.0,14.8,8.3,1.8,2.3,0.7,0.2,1.3,0.129,1.0,0.4,0.634,18.3,22.6,0.4756097560975609,0.5518453427065027,0.6898066783831283,0.25746924428822493,0.4929701230228471,0.7803163444639719,0.6370826010544816,0.8488576449912126,0.4349736379613357,3.9950000000000006,0,0.0,0.0,0.0,
417,2024-25,Brandon Ingram,NOP,SF,2025,18.0,33.1,22.2,5.6,5.2,0.9,0.6,0.0,0.001,-0.3,0.3,0.56,16.0,30.2,0.2560975609756097,0.9428822495606327,0.9235500878734623,0.8242530755711776,0.12390158172231985,0.6133567662565905,0.5966608084358523,0.718804920913884,0.10896309314586995,9.62,0,0.0,0.0,0.0,
418,2024-25,Ben Simmons,2TM,PG,2025,51.0,22.0,5.0,4.7,5.6,0.7,0.5,1.8,0.078,-0.5,0.4,0.539,12.4,13.2,0.42037302725968434,0.3321616871704745,0.9420035149384886,0.7442882249560633,0.5685413005272407,0.5931458699472759,0.6370826010544816,0.45166959578207383,0.29525483304042177,3.8850000000000002,1,0.0,3.97594590444649e-09,0.0,
419,2024-25,Brandon Clarke,MEM,PF,2025,64.0,18.9,8.3,5.1,1.0,0.8,0.6,4.4,0.174,0.8,0.9,0.638,17.6,15.3,0.5853658536585366,0.5518453427065027,0.31370826010544817,0.7926186291739895,0.8321616871704746,0.7583479789103691,0.7688927943760984,0.8084358523725835,0.6520210896309314,4.83,0,0.0,0.0,0.0,
420,2024-25,Brandon Boston Jr.,NOP,SG,2025,42.0,23.6,10.7,3.2,2.2,1.3,0.2,0.7,0.033,-2.5,-0.1,0.535,12.7,20.0,0.2560975609756097,0.7073813708260105,0.6704745166959578,0.5052724077328646,0.3655536028119508,0.335676625659051,0.2521968365553603,0.4789103690685413,0.10896309314586995,4.554999999999999,1,0.0,1.4440863124323327e-10,0.0,
421,2024-25,Brandin Podziemski,GSW,SG,2025,64.0,26.8,11.7,5.1,3.4,1.1,0.2,4.2,0.117,0.7,1.2,0.557,14.4,18.3,0.5853658536585366,0.7372583479789103,0.8093145869947276,0.7926186291739895,0.8084358523725835,0.7416520210896309,0.8145869947275922,0.6045694200351494,0.6520210896309314,6.449999999999999,1,0.0,3.941001011330761e-07,0.0,
422,2024-25,Branden Carlson,OKC,C,2025,32.0,7.7,3.8,1.7,0.4,0.2,0.7,0.9,0.177,1.3,0.2,0.581,17.6,19.3,0.8292682926829268,0.23462214411247803,0.1063268892794376,0.2390158172231986,0.4086115992970123,0.8084358523725835,0.5553602811950791,0.8084358523725835,0.984182776801406,1.975,0,0.0,0.0,0.0,
423,2024-25,Bradley Beal,PHO,SG,2025,53.0,32.1,17.0,3.3,3.7,1.1,0.5,2.4,0.068,-1.1,0.4,0.598,15.2,22.1,0.4390243902439024,0.8655536028119508,0.8330404217926186,0.5281195079086116,0.6353251318101933,0.5087873462214412,0.6370826010544816,0.6537785588752196,0.3304042179261863,7.554999999999999,1,0.0,2.706208828133312e-08,0.0,
424,2024-25,Bones Hyland,2TM,PG,2025,24.0,10.0,6.2,1.0,1.3,0.8,0.2,0.5,0.095,2.7,0.3,0.576,16.0,28.2,0.6077235772357724,0.4121265377855888,0.4279437609841828,0.10281195079086115,0.3216168717047452,0.8840070298769771,0.5966608084358523,0.718804920913884,0.7363796133567663,2.9499999999999997,0,0.0,0.0,0.0,
425,2024-25,Bol Bol,PHO,PF,2025,36.0,12.4,6.8,2.9,0.6,0.3,0.7,0.9,0.097,0.8,0.3,0.627,18.4,21.1,0.4390243902439024,0.46133567662565905,0.17311072056239016,0.44112478031634444,0.4086115992970123,0.7583479789103691,0.5966608084358523,0.8558875219683656,0.3304042179261863,3.1950000000000003,0,0.0,0.0,0.0,
426,2024-25,Bogdan Bogdanović,2TM,SG,2025,54.0,25.0,10.8,2.9,2.7,0.8,0.2,1.9,0.069,-2.0,0.0,0.559,11.1,18.7,0.5555555555555556,0.710896309314587,0.7486818980667839,0.44112478031634444,0.5869947275922671,0.3936731107205624,0.3875219683655536,0.3347978910369069,0.5975395430579965,4.935,1,0.0,1.9801226100159703e-08,0.0,
427,2024-25,Bobi Klintman,DET,SF,2025,8.0,5.3,1.9,0.9,0.9,0.3,0.1,0.2,0.208,1.0,0.0,0.689,15.9,11.9,0.5365853658536586,0.10984182776801406,0.2750439367311072,0.0852372583479789,0.23286467486818982,0.7803163444639719,0.3875219683655536,0.7065026362038664,0.5729349736379613,1.12,0,0.0,0.0,0.0,
428,2024-25,Bobby Portis,MIL,PF,2025,49.0,25.4,13.9,8.4,2.1,0.7,0.5,2.7,0.106,0.2,0.7,0.542,17.7,24.1,0.5853658536585366,0.7996485061511424,0.6537785588752196,0.9560632688927944,0.6739894551845342,0.672231985940246,0.7328646748681898,0.8163444639718805,0.6520210896309314,7.1049999999999995,1,0.0,5.355766267452508e-07,0.0,
429,2024-25,Blake Wesley,SAS,SG,2025,58.0,11.8,3.7,1.1,2.0,0.6,0.1,0.2,0.011,-4.2,-0.4,0.51,9.9,16.7,0.4146341463414634,0.22583479789103691,0.6274165202108963,0.12214411247803164,0.23286467486818982,0.17750439367311072,0.07644991212653779,0.23286467486818982,0.2759226713532513,1.48,0,0.0,0.0,0.0,
430,2024-25,Bismack Biyombo,SAS,C,2025,28.0,18.9,5.1,5.6,1.1,0.6,0.8,0.8,0.071,-3.6,-0.2,0.576,12.2,12.3,0.4146341463414634,0.3400702987697715,0.3602811950790861,0.8242530755711776,0.39103690685413006,0.22934973637961337,0.15992970123022848,0.429701230228471,0.2759226713532513,2.645,0,0.0,0.0,0.0,
431,2024-25,Bilal Coulibaly,WAS,SF,2025,59.0,33.0,12.3,5.0,3.4,1.3,0.7,0.3,0.008,-3.7,-0.8,0.515,10.8,17.9,0.2195121951219512,0.7601054481546573,0.8093145869947276,0.7794376098418277,0.2618629173989455,0.21968365553602812,0.026362038664323375,0.29964850615114236,0.04130052724077329,5.424999999999999,1,0.0,2.9810008899274085e-11,0.0,
432,2024-25,Bennedict Mathurin,IND,SF,2025,72.0,29.8,16.1,5.3,1.9,0.7,0.3,3.0,0.068,-2.9,-0.5,0.579,13.6,22.8,0.6097560975609756,0.8471001757469244,0.6001757469244289,0.8084358523725835,0.7117750439367311,0.28734622144112476,0.06063268892794376,0.5456942003514939,0.7899824253075571,7.12,1,0.0,7.746298936311487e-08,0.0,
433,2024-25,Dominick Barlow,ATL,PF,2025,35.0,10.7,4.2,2.4,0.5,0.3,0.5,1.0,0.131,-2.2,0.0,0.58,14.6,14.5,0.48780487804878053,0.273286467486819,0.13971880492091387,0.3471001757469244,0.429701230228471,0.37434094903339193,0.3875219683655536,0.6186291739894552,0.5140597539543058,1.9100000000000004,0,0.0,0.0,0.0,
434,2024-25,Donovan Clingan,POR,C,2025,67.0,19.8,6.5,7.9,1.1,0.5,1.6,4.0,0.144,-0.3,0.6,0.574,17.4,14.2,0.4390243902439024,0.4367311072056239,0.3602811950790861,0.9367311072056239,0.7996485061511424,0.6133567662565905,0.7082601054481547,0.7978910369068541,0.3304042179261863,4.45,0,0.0,0.0,0.0,
435,2024-25,Donte DiVincenzo,MIN,SG,2025,62.0,25.9,11.7,3.7,3.6,1.2,0.3,3.9,0.115,1.9,1.6,0.582,14.1,19.4,0.5975609756097561,0.7372583479789103,0.8251318101933216,0.6080843585237259,0.7917398945518453,0.8471001757469244,0.8646748681898067,0.5887521968365553,0.7144112478031635,6.34,1,0.0,1.0293404762922453e-06,0.0,
436,2024-25,James Wiseman,IND,C,2025,1.0,5.0,6.0,1.0,0.0,0.0,0.0,0.0,0.237,1.6,0.0,0.615,31.2,42.2,0.6097560975609756,0.3989455184534271,0.011423550087873463,0.10281195079086115,0.12390158172231985,0.8268892794376098,0.3875219683655536,0.9964850615114236,0.7899824253075571,2.4099999999999997,0,0.0,0.0,0.0,
437,2024-25,Jaylen Sims,CHO,SG,2025,6.0,18.7,7.0,1.0,2.0,0.5,0.2,0.1,0.048,-4.1,-0.1,0.607,9.8,16.2,0.2317073170731707,0.4789103690685413,0.6274165202108963,0.10281195079086115,0.18717047451669597,0.18629173989455183,0.2521968365553603,0.2179261862917399,0.06766256590509666,2.6099999999999994,0,0.0,0.0,0.0,
438,2024-25,Jaylen Nowell,NOP,SG,2025,8.0,21.0,8.4,2.5,2.3,0.1,0.5,-0.2,-0.069,-5.7,-0.2,0.43,7.5,21.6,0.2560975609756097,0.5588752196836555,0.6898066783831283,0.3655536028119508,0.033391915641476276,0.10896309314586995,0.15992970123022848,0.10808435852372583,0.10896309314586995,3.165,0,0.0,0.0,0.0,
439,2024-25,Jaylen Martin,2TM,SF,2025,16.0,14.9,4.9,2.8,1.1,0.6,0.0,0.0,-0.004,-6.3,-0.3,0.497,9.1,15.9,0.23780487804878048,0.3251318101933216,0.3602811950790861,0.4200351493848858,0.12390158172231985,0.09753954305799649,0.10808435852372583,0.1625659050966608,0.08611599297012303,1.725,0,0.0,0.0,0.0,
440,2024-25,Jaylen Clark,MIN,SG,2025,40.0,13.1,4.1,1.3,0.7,0.9,0.1,1.6,0.147,-0.2,0.2,0.598,12.0,12.0,0.5975609756097561,0.2592267135325132,0.2047451669595782,0.15992970123022848,0.5342706502636204,0.624780316344464,0.5553602811950791,0.4077328646748682,0.7144112478031635,2.07,0,0.0,0.0,0.0,
441,2024-25,Jay Huff,MEM,C,2025,64.0,11.7,6.9,2.0,0.6,0.3,0.9,2.5,0.162,3.5,1.1,0.666,18.2,19.6,0.5853658536585366,0.47012302284710017,0.17311072056239016,0.2820738137082601,0.6511423550087874,0.9323374340949033,0.7917398945518453,0.8409490333919156,0.6520210896309314,3.685,0,0.0,0.0,0.0,
442,2024-25,Jaxson Hayes,LAL,C,2025,56.0,19.5,6.8,4.8,1.0,0.6,0.9,3.7,0.162,-0.3,0.5,0.72,15.8,12.4,0.6097560975609756,0.46133567662565905,0.31370826010544817,0.7565905096660809,0.7794376098418277,0.6133567662565905,0.6766256590509666,0.6959578207381371,0.7899824253075571,4.01,0,0.0,0.0,0.0,
443,2024-25,Javonte Green,2TM,SG,2025,68.0,18.5,5.1,3.2,0.8,1.0,0.5,1.6,0.063,-2.3,-0.1,0.541,10.7,11.8,0.3949067431850789,0.3400702987697715,0.23813708260105448,0.5052724077328646,0.5342706502636204,0.3585237258347979,0.2521968365553603,0.28998242530755713,0.2513181019332162,2.515,0,0.0,0.0,0.0,
444,2024-25,Jarred Vanderbilt,LAL,PF,2025,36.0,16.1,4.1,5.1,1.1,1.0,0.3,1.4,0.114,-1.0,0.2,0.537,13.2,12.5,0.6097560975609756,0.2592267135325132,0.3602811950790861,0.7926186291739895,0.5096660808435852,0.5193321616871704,0.5553602811950791,0.5202108963093146,0.7899824253075571,2.5999999999999996,0,0.0,0.0,0.0,
445,2024-25,Jaren Jackson Jr.,MEM,C,2025,74.0,29.8,22.2,5.6,2.0,1.2,1.5,6.4,0.139,2.3,2.4,0.591,19.6,28.1,0.5853658536585366,0.9428822495606327,0.6274165202108963,0.8242530755711776,0.9261862917398945,0.8681898066783831,0.929701230228471,0.8989455184534271,0.6520210896309314,10.52,1,0.0,4.9840126818011886e-05,0.0,
446,2024-25,Jared Rhoden,2TM,SG,2025,14.0,16.2,8.4,3.0,1.1,0.7,0.1,0.6,0.131,-0.5,0.1,0.602,16.4,19.7,0.3275261324041811,0.5588752196836555,0.3602811950790861,0.46660808435852374,0.3391915641476274,0.5931458699472759,0.4973637961335677,0.7469244288224957,0.19859402460456943,3.6800000000000006,0,0.0,0.0,0.0,
447,2024-25,Jared McCain,PHI,SG,2025,23.0,25.7,15.3,2.4,2.6,0.7,0.0,0.7,0.057,0.2,0.3,0.589,15.2,24.7,0.2926829268292683,0.8400702987697716,0.7363796133567663,0.3471001757469244,0.3655536028119508,0.672231985940246,0.5966608084358523,0.6537785588752196,0.14674868189806678,6.395,0,0.0,0.0,0.0,
448,2024-25,Jared Butler,2TM,SG,2025,60.0,17.4,9.0,1.8,3.7,0.7,0.2,1.4,0.063,-1.0,0.3,0.549,15.6,23.6,0.25365853658536586,0.6063268892794376,0.8330404217926186,0.25746924428822493,0.5096660808435852,0.5193321616871704,0.5966608084358523,0.6827768014059754,0.0913884007029877,4.340000000000001,0,0.0,0.0,0.0,
449,2024-25,Jarace Walker,IND,PF,2025,75.0,15.8,6.1,3.1,1.5,0.7,0.3,1.6,0.065,-0.9,0.3,0.59,11.9,17.1,0.6097560975609756,0.4068541300527241,0.4964850615114236,0.4876977152899824,0.5342706502636204,0.5342706502636204,0.5966608084358523,0.3945518453427065,0.7899824253075571,3.13,0,0.0,0.0,0.0,
450,2024-25,Jamison Battle,TOR,SF,2025,59.0,17.7,7.1,2.7,0.9,0.3,0.2,1.7,0.079,-2.3,-0.1,0.59,10.7,15.3,0.3658536585365853,0.4868189806678383,0.2750439367311072,0.3998242530755712,0.5500878734622144,0.3585237258347979,0.2521968365553603,0.28998242530755713,0.22847100175746923,3.18,0,0.0,0.0,0.0,
451,2024-25,James Johnson,IND,PF,2025,12.0,3.1,0.7,0.5,0.3,0.0,0.2,-0.1,-0.162,-9.7,-0.1,0.35,0.0,18.0,0.6097560975609756,0.027240773286467488,0.070298769771529,0.03163444639718805,0.0641476274165202,0.040421792618629174,0.2521968365553603,0.026362038664323375,0.7899824253075571,-0.6100000000000001,0,0.0,0.0,0.0,
452,2024-25,Jaylin Williams,OKC,PF,2025,47.0,16.7,5.9,5.6,2.6,0.5,0.6,3.3,0.199,4.3,1.2,0.594,16.4,14.6,0.8292682926829269,0.3866432337434095,0.7363796133567663,0.8242530755711776,0.7407732864674869,0.960456942003515,0.8145869947275922,0.7469244288224957,1.0,4.515,0,0.0,0.0,0.0,
453,2024-25,James Harden,LAC,PG,2025,79.0,35.3,22.8,5.8,8.7,1.5,0.7,8.3,0.143,4.3,4.4,0.582,20.0,29.6,0.6097560975609756,0.9472759226713533,0.9929701230228472,0.8453427065026362,0.968365553602812,0.960456942003515,0.9850615114235501,0.9165202108963093,0.7899824253075571,12.679999999999998,1,0.0,0.0022876257243779337,0.001,10.0
454,2024-25,Jamaree Bouyea,MIL,PG,2025,5.0,12.4,3.4,1.0,2.0,0.8,0.4,0.0,0.007,-5.4,0.0,0.581,9.7,16.0,0.5853658536585366,0.20123022847100175,0.6274165202108963,0.10281195079086115,0.12390158172231985,0.12126537785588752,0.3875219683655536,0.2038664323374341,0.6520210896309314,1.1999999999999997,0,0.0,0.0,0.0,
455,2024-25,Jamal Shead,TOR,PG,2025,75.0,19.6,7.1,1.5,4.2,0.8,0.1,0.8,0.027,-4.1,-0.8,0.499,9.9,18.6,0.3658536585365853,0.4868189806678383,0.8629173989455184,0.19947275922671354,0.39103690685413006,0.18629173989455183,0.026362038664323375,0.23286467486818982,0.22847100175746923,3.3000000000000003,0,0.0,0.0,0.0,
456,2024-25,Jamal Murray,DEN,PG,2025,67.0,36.1,21.4,3.9,6.0,1.4,0.5,6.2,0.123,0.8,1.7,0.584,17.8,24.0,0.6097560975609756,0.9332161687170475,0.9569420035149385,0.648506151142355,0.9200351493848857,0.7583479789103691,0.8787346221441125,0.8251318101933216,0.7899824253075571,10.594999999999999,1,0.0,1.827369230090735e-05,0.0,
457,2024-25,Jamal Cain,NOP,SF,2025,37.0,13.6,5.3,2.3,0.6,0.6,0.2,0.4,0.036,-3.4,-0.2,0.544,11.4,17.0,0.2560975609756097,0.351493848857645,0.17311072056239016,0.3312829525483304,0.29349736379613356,0.24428822495606328,0.15992970123022848,0.3602811950790861,0.10896309314586995,2.0599999999999996,0,0.0,0.0,0.0,
458,2024-25,Jalen Wilson,BRK,PF,2025,79.0,25.7,9.5,3.4,1.8,0.5,0.1,1.9,0.046,-3.9,-1.0,0.541,9.5,16.6,0.3170731707317073,0.6432337434094904,0.5773286467486819,0.5527240773286467,0.5869947275922671,0.2047451669595782,0.016695957820738138,0.18980667838312829,0.18189806678383127,4.185,1,0.0,2.5046551687657693e-10,0.0,
459,2024-25,Jalen Suggs,ORL,PG,2025,35.0,28.6,16.2,4.0,3.7,1.5,0.9,1.1,0.052,0.4,0.6,0.536,14.4,27.5,0.5,0.8506151142355008,0.8330404217926186,0.6652021089630932,0.44991212653778556,0.7047451669595782,0.7082601054481547,0.6045694200351494,0.5342706502636204,7.269999999999999,1,0.0,7.513170907577114e-08,0.0,
460,2024-25,Jalen Smith,CHI,C,2025,64.0,15.0,8.2,5.6,1.0,0.3,0.7,2.9,0.146,0.9,0.7,0.586,18.7,21.0,0.4756097560975609,0.5448154657293497,0.31370826010544817,0.8242530755711776,0.7003514938488576,0.7715289982425307,0.7328646748681898,0.8664323374340949,0.4349736379613357,4.579999999999999,0,0.0,0.0,0.0,
461,2024-25,Jalen Pickett,DEN,SG,2025,49.0,13.6,4.1,1.4,2.2,0.4,0.1,1.1,0.078,-1.5,0.1,0.545,10.9,13.2,0.6097560975609756,0.2592267135325132,0.6704745166959578,0.18014059753954306,0.44991212653778556,0.46045694200351495,0.4973637961335677,0.31282952548330406,0.7899824253075571,2.1550000000000002,0,0.0,0.0,0.0,
462,2024-25,Jalen McDaniels,WAS,SF,2025,4.0,1.8,0.0,0.0,0.3,0.3,0.0,0.0,0.114,5.6,0.0,,10.9,0.0,0.2195121951219512,0.008787346221441126,0.070298769771529,0.005272407732864675,0.12390158172231985,0.9815465729349736,0.3875219683655536,0.31282952548330406,0.04130052724077329,0.6199999999999999,0,0.0,0.0,0.0,
463,2024-25,Jalen Johnson,ATL,SF,2025,36.0,35.7,18.9,10.0,5.0,1.6,1.0,2.4,0.089,1.8,1.2,0.569,17.3,22.5,0.48780487804878053,0.8980667838312829,0.9130052724077329,0.9736379613356766,0.6353251318101933,0.8391915641476274,0.8145869947275922,0.7926186291739895,0.5140597539543058,9.774999999999999,1,0.0,1.6789433961883557e-07,0.0,
464,2024-25,Jalen Hood-Schifino,2TM,SG,2025,15.0,21.0,7.1,1.8,2.5,0.3,0.5,-0.1,-0.015,-6.9,-0.4,0.494,7.9,17.3,0.33495934959349594,0.4868189806678383,0.7223198594024605,0.25746924428822493,0.0641476274165202,0.0843585237258348,0.07644991212653779,0.12126537785588752,0.2056239015817223,2.545,0,0.0,0.0,0.0,
465,2024-25,Jalen Green,HOU,SG,2025,82.0,32.9,21.0,4.6,3.4,0.9,0.3,5.1,0.092,0.5,1.7,0.544,15.1,27.3,0.6341463414634146,0.9253075571177505,0.8093145869947276,0.7355008787346221,0.867311072056239,0.718804920913884,0.8787346221441125,0.6449912126537786,0.8945518453427065,9.79,1,0.0,2.2404620042479838e-05,0.0,
466,2024-25,Jalen Bridges,PHO,SF,2025,8.0,3.8,1.1,0.5,0.0,0.0,0.0,-0.1,-0.178,-12.5,-0.1,0.514,-0.1,18.8,0.4390243902439024,0.054481546572934976,0.011423550087873463,0.03163444639718805,0.0641476274165202,0.0210896309314587,0.2521968365553603,0.022847100175746926,0.3304042179261863,-0.81,0,0.0,0.0,0.0,
467,2024-25,Jaylen Wells,MEM,SG,2025,79.0,25.9,10.4,3.4,1.7,0.6,0.1,3.5,0.083,-2.2,-0.1,0.56,10.5,15.9,0.5853658536585366,0.695079086115993,0.5500878734622144,0.5527240773286467,0.7627416520210897,0.37434094903339193,0.2521968365553603,0.27768014059753954,0.6520210896309314,4.97,1,0.0,3.1602321180709503e-08,0.0,
468,2024-25,Jaylon Tyson,CLE,SG,2025,47.0,9.6,3.6,2.0,0.9,0.3,0.1,0.8,0.083,-2.7,-0.1,0.523,11.1,17.4,0.7804878048780489,0.21704745166959577,0.2750439367311072,0.2820738137082601,0.39103690685413006,0.3110720562390158,0.2521968365553603,0.3347978910369069,0.9674868189806678,1.63,0,0.0,0.0,0.0,
469,2024-25,Jake LaRavia,2TM,PF,2025,66.0,20.4,6.9,3.9,2.4,0.9,0.3,2.9,0.104,0.2,0.8,0.591,12.6,14.4,0.557280118255728,0.47012302284710017,0.7082601054481547,0.648506151142355,0.7003514938488576,0.672231985940246,0.7548330404217927,0.46748681898066785,0.5992970123022847,4.079999999999999,1,0.0,3.663835347675707e-08,0.0,
470,2024-25,Johnny Davis,WAS,SG,2025,34.0,7.1,2.4,1.1,0.3,0.4,0.2,0.1,0.01,-2.8,0.0,0.473,10.2,15.9,0.2195121951219512,0.14411247803163443,0.070298769771529,0.12214411247803164,0.18717047451669597,0.29701230228471004,0.3875219683655536,0.2548330404217926,0.04130052724077329,0.8049999999999999,0,0.0,0.0,0.0,
471,2024-25,Jose Alvarado,NOP,PG,2025,56.0,24.4,10.3,2.4,4.6,1.3,0.3,1.2,0.043,-1.4,0.2,0.523,13.4,19.8,0.2560975609756097,0.687170474516696,0.8954305799648506,0.3471001757469244,0.46924428822495606,0.4727592267135325,0.5553602811950791,0.531634446397188,0.10896309314586995,4.985000000000001,1,0.0,1.0865004153201516e-09,0.0,
472,2024-25,Jordan Walsh,BOS,PF,2025,52.0,7.8,1.6,1.3,0.4,0.2,0.2,0.4,0.044,-3.9,-0.2,0.464,6.9,11.5,0.7439024390243902,0.08172231985940245,0.1063268892794376,0.15992970123022848,0.29349736379613356,0.2047451669595782,0.15992970123022848,0.09050966608084358,0.929701230228471,0.525,0,0.0,0.0,0.0,
473,2024-25,Jordan Poole,WAS,SG,2025,68.0,29.4,20.5,3.0,4.5,1.3,0.4,2.0,0.047,0.4,1.2,0.591,16.6,29.0,0.2195121951219512,0.9209138840070299,0.8875219683655536,0.46660808435852374,0.6019332161687171,0.7047451669595782,0.8145869947275922,0.7653778558875219,0.04130052724077329,8.964999999999998,1,0.0,2.6849696153317822e-08,0.0,
474,2024-25,Jordan Miller,LAC,SF,2025,37.0,11.4,4.1,1.6,0.9,0.5,0.1,0.4,0.049,-2.8,-0.1,0.509,10.5,18.2,0.6097560975609756,0.2592267135325132,0.2750439367311072,0.22056239015817222,0.29349736379613356,0.29701230228471004,0.2521968365553603,0.27768014059753954,0.7899824253075571,1.6549999999999998,0,0.0,0.0,0.0,
475,2024-25,Jordan McLaughlin,2TM,PG,2025,46.0,6.8,2.1,0.7,1.1,0.3,0.0,0.6,0.098,-1.6,0.0,0.6,12.3,13.3,0.4591728525980912,0.12390158172231985,0.3602811950790861,0.056239015817223195,0.3391915641476274,0.4428822495606327,0.3875219683655536,0.44200351493848855,0.3936731107205624,1.02,0,0.0,0.0,0.0,
476,2024-25,Jordan Hawkins,NOP,SG,2025,56.0,23.6,10.8,2.8,1.2,0.5,0.4,-0.5,-0.02,-5.4,-1.2,0.504,9.6,21.0,0.2560975609756097,0.710896309314587,0.3998242530755712,0.4200351493848858,0.012302284710017574,0.12126537785588752,0.01054481546572935,0.1968365553602812,0.10896309314586995,3.8,1,0.0,3.397376862793519e-11,0.0,
477,2024-25,Jordan Goodwin,LAL,PG,2025,29.0,18.7,5.6,3.9,1.4,1.0,0.4,1.0,0.084,-0.8,0.2,0.541,12.1,14.1,0.6097560975609756,0.36731107205623903,0.46309314586994726,0.648506151142355,0.429701230228471,0.5492091388400703,0.5553602811950791,0.4182776801405975,0.7899824253075571,2.945,0,0.0,0.0,0.0,
478,2024-25,Jordan Clarkson,UTA,SG,2025,37.0,26.0,16.2,3.2,3.7,0.8,0.2,0.4,0.021,-1.5,0.1,0.54,14.5,27.8,0.2073170731707317,0.8506151142355008,0.8330404217926186,0.5052724077328646,0.29349736379613356,0.46045694200351495,0.4973637961335677,0.6124780316344464,0.012302284710017574,6.8199999999999985,1,0.0,1.6393424125415658e-09,0.0,
479,2024-25,Jonathan Mogbo,TOR,PF,2025,63.0,20.4,6.2,4.9,2.3,0.9,0.5,1.9,0.071,-1.9,0.0,0.496,11.9,15.0,0.3658536585365853,0.4121265377855888,0.6898066783831283,0.7680140597539543,0.5869947275922671,0.4033391915641476,0.3875219683655536,0.3945518453427065,0.22847100175746923,3.5549999999999997,1,0.0,7.783923310223966e-10,0.0,
480,2024-25,Jonathan Kuminga,GSW,PF,2025,47.0,24.3,15.3,4.6,2.2,0.8,0.4,1.9,0.08,-0.6,0.4,0.535,15.7,27.4,0.5853658536585366,0.8400702987697716,0.6704745166959578,0.7355008787346221,0.5869947275922671,0.5799648506151143,0.6370826010544816,0.6898066783831283,0.6520210896309314,6.805,1,0.0,3.5297860681932766e-07,0.0,
481,2024-25,A.J. Lawson,TOR,SG,2025,26.0,18.7,9.1,3.3,1.2,0.5,0.2,0.8,0.081,-2.5,-0.1,0.542,12.7,20.0,0.3658536585365853,0.6186291739894552,0.3998242530755712,0.5281195079086116,0.39103690685413006,0.335676625659051,0.2521968365553603,0.4789103690685413,0.22847100175746923,3.83,0,0.0,0.0,0.0,
482,2024-25,Jonas Valančiūnas,2TM,C,2025,81.0,18.8,10.4,7.7,2.0,0.5,0.6,4.3,0.137,0.6,1.0,0.602,20.8,22.8,0.32550436615477263,0.695079086115993,0.6274165202108963,0.9270650263620387,0.8189806678383128,0.7284710017574693,0.7794376098418277,0.9384885764499121,0.1968365553602812,6.115,0,0.0,0.0,0.0,
483,2024-25,Johnny Juzang,UTA,SG,2025,64.0,19.8,8.9,2.9,1.1,0.6,0.1,1.6,0.06,-2.3,-0.1,0.573,11.8,17.6,0.2073170731707317,0.5966608084358523,0.3602811950790861,0.44112478031634444,0.5342706502636204,0.3585237258347979,0.2521968365553603,0.38488576449912126,0.012302284710017574,3.86,0,0.0,0.0,0.0,
484,2024-25,Johnny Furphy,IND,SG,2025,50.0,7.6,2.1,1.4,0.4,0.4,0.2,0.5,0.07,-2.5,0.0,0.506,9.8,13.0,0.6097560975609756,0.12390158172231985,0.1063268892794376,0.18014059753954306,0.3216168717047452,0.335676625659051,0.3875219683655536,0.2179261862917399,0.7899824253075571,0.875,0,0.0,0.0,0.0,
485,2024-25,John Konchar,MEM,SG,2025,46.0,12.1,2.4,3.3,0.9,0.7,0.3,1.5,0.131,1.7,0.5,0.592,12.1,8.0,0.5853658536585366,0.14411247803163443,0.2750439367311072,0.5281195079086116,0.5202108963093146,0.8321616871704746,0.6766256590509666,0.4182776801405975,0.6520210896309314,1.9849999999999999,0,0.0,0.0,0.0,
486,2024-25,Jazian Gortman,DAL,PG,2025,16.0,3.6,1.5,0.3,0.4,0.1,0.1,-0.1,-0.056,-6.3,-0.1,0.485,6.5,22.4,0.4756097560975609,0.07117750439367311,0.1063268892794376,0.014938488576449912,0.0641476274165202,0.09753954305799649,0.2521968365553603,0.07908611599297012,0.4349736379613357,0.0,0,0.0,0.0,0.0,
487,2024-25,John Collins,UTA,PF,2025,40.0,30.5,19.0,8.2,2.0,1.0,1.0,2.5,0.098,1.0,0.9,0.628,19.0,24.2,0.20731707317073172,0.9007029876977153,0.6274165202108963,0.9481546572934973,0.6511423550087874,0.7803163444639719,0.7688927943760984,0.8787346221441125,0.026362038664323375,8.879999999999999,1,0.0,8.20450957526053e-09,0.0,
488,2024-25,Joel Embiid,PHI,C,2025,19.0,30.2,23.8,8.2,4.5,0.7,0.9,1.4,0.118,3.5,0.8,0.58,23.4,34.2,0.2926829268292683,0.9543057996485061,0.8875219683655536,0.9481546572934973,0.5096660808435852,0.9323374340949033,0.7548330404217927,0.9780316344463972,0.14674868189806678,11.09,0,0.0,0.0,0.0,
489,2024-25,Joe Ingles,MIN,SF,2025,19.0,6.0,0.8,0.6,1.2,0.1,0.0,-0.1,-0.035,-7.0,-0.1,0.326,2.4,12.2,0.5975609756097561,0.03427065026362039,0.3998242530755712,0.04481546572934974,0.0641476274165202,0.08172231985940245,0.2521968365553603,0.03602811950790861,0.7144112478031635,-0.1100000000000001,0,0.0,0.0,0.0,
490,2024-25,Jock Landale,HOU,C,2025,42.0,11.9,4.8,3.3,0.9,0.3,0.2,1.7,0.159,0.4,0.3,0.59,16.0,15.7,0.6341463414634146,0.3216168717047452,0.2750439367311072,0.5281195079086116,0.5500878734622144,0.7047451669595782,0.5966608084358523,0.718804920913884,0.8945518453427065,2.735,0,0.0,0.0,0.0,
491,2024-25,Jimmy Butler,2TM,SF,2025,55.0,31.7,17.5,5.4,5.4,1.4,0.3,8.7,0.238,4.9,3.0,0.626,22.4,20.8,0.5243902439024389,0.8725834797891037,0.9332161687170475,0.8137082601054482,0.9771528998242531,0.9718804920913884,0.9490333919156415,0.9692442882249561,0.5536028119507909,10.245000000000001,1,0.0,0.00010761537620948943,0.0,
492,2024-25,Jevon Carter,CHI,PG,2025,36.0,8.9,4.3,1.1,1.1,0.4,0.1,0.3,0.046,-2.1,0.0,0.509,12.2,21.0,0.47560975609756084,0.28471001757469244,0.3602811950790861,0.12214411247803164,0.2618629173989455,0.38488576449912126,0.3875219683655536,0.429701230228471,0.4103690685413005,1.74,0,0.0,0.0,0.0,
493,2024-25,Jett Howard,ORL,SF,2025,60.0,11.7,4.5,1.2,0.7,0.2,0.2,0.1,0.01,-5.3,-0.6,0.491,7.1,19.2,0.5,0.30404217926186294,0.2047451669595782,0.13796133567662566,0.18717047451669597,0.13093145869947276,0.048330404217926184,0.09666080843585237,0.5342706502636204,1.3849999999999998,0,0.0,0.0,0.0,
494,2024-25,Jesse Edwards,MIN,C,2025,2.0,2.5,0.0,0.0,0.5,0.0,0.0,0.0,0.111,-4.0,0.0,,-0.1,0.0,0.5975609756097561,0.008787346221441126,0.13971880492091387,0.005272407732864675,0.12390158172231985,0.1977152899824253,0.3875219683655536,0.022847100175746926,0.7144112478031635,-0.30000000000000004,0,0.0,0.0,0.0,
495,2024-25,Jericho Sims,2TM,C,2025,53.0,11.9,1.8,3.7,0.6,0.2,0.4,1.3,0.096,-3.0,-0.2,0.639,10.0,7.6,0.6122871606074551,0.10105448154657294,0.17311072056239016,0.6080843585237259,0.4929701230228471,0.28031634446397186,0.15992970123022848,0.2398945518453427,0.8471001757469244,1.2650000000000001,0,0.0,0.0,0.0,
496,2024-25,Jeremy Sochan,SAS,PF,2025,54.0,25.3,11.4,6.5,2.4,0.8,0.5,2.7,0.096,-1.2,0.3,0.589,15.9,19.0,0.4146341463414634,0.7328646748681898,0.7082601054481547,0.8866432337434095,0.6739894551845342,0.4991212653778559,0.5966608084358523,0.7065026362038664,0.2759226713532513,5.864999999999999,1,0.0,7.762566089542325e-09,0.0,
497,2024-25,Jeremiah Robinson-Earl,NOP,PF,2025,66.0,18.8,6.3,4.8,1.3,0.6,0.1,1.7,0.067,-2.5,-0.2,0.563,12.9,14.4,0.2560975609756097,0.4182776801405975,0.4279437609841828,0.7565905096660809,0.5500878734622144,0.335676625659051,0.15992970123022848,0.5008787346221442,0.10896309314586995,3.2749999999999995,0,0.0,0.0,0.0,
498,2024-25,Jerami Grant,POR,PF,2025,47.0,32.4,14.4,3.5,2.1,0.9,1.0,1.8,0.057,-1.6,0.1,0.523,10.9,19.4,0.43902439024390244,0.8189806678383128,0.6537785588752196,0.5738137082601055,0.5685413005272407,0.4428822495606327,0.4973637961335677,0.31282952548330406,0.35764499121265375,6.1850000000000005,1,0.0,7.621027285220401e-09,0.0,
499,2024-25,Jeff Green,HOU,PF,2025,32.0,12.4,5.4,1.8,0.6,0.2,0.1,1.3,0.159,0.4,0.2,0.649,13.6,14.7,0.6341463414634146,0.359402460456942,0.17311072056239016,0.25746924428822493,0.4929701230228471,0.7047451669595782,0.5553602811950791,0.5456942003514939,0.8945518453427065,2.58,0,0.0,0.0,0.0,
500,2024-25,Jeff Dowtin Jr.,PHI,PG,2025,41.0,15.1,7.0,1.5,1.9,0.6,0.3,1.3,0.103,0.2,0.3,0.57,16.1,18.6,0.2926829268292683,0.4789103690685413,0.6001757469244289,0.19947275922671354,0.4929701230228471,0.672231985940246,0.5966608084358523,0.7284710017574693,0.14674868189806678,3.3349999999999995,0,0.0,0.0,0.0,
501,2024-25,Jakob Poeltl,TOR,C,2025,57.0,29.6,14.5,9.6,2.8,1.2,1.2,5.5,0.158,2.0,1.7,0.641,20.0,18.7,0.36585365853658536,0.8224956063268892,0.7592267135325131,0.968365553602812,0.8945518453427065,0.8541300527240774,0.8787346221441125,0.9165202108963093,0.24253075571177504,8.374999999999998,1,0.0,1.7785203759790745e-07,0.0,
502,2024-25,Jaime Jaquez Jr.,MIA,SF,2025,66.0,20.7,8.6,4.4,2.5,0.9,0.2,2.3,0.081,-0.9,0.4,0.543,14.3,20.2,0.4512195121951219,0.5676625659050967,0.7223198594024605,0.7152899824253075,0.6256590509666081,0.5342706502636204,0.6370826010544816,0.5984182776801406,0.37785588752196836,4.54,1,0.0,1.3584391853825169e-08,0.0,
503,2024-25,Dorian Finney-Smith,2TM,PF,2025,63.0,28.9,8.7,3.9,1.4,0.9,0.4,2.9,0.078,-1.0,0.5,0.604,10.1,12.3,0.5168408826945412,0.5790861159929701,0.46309314586994726,0.648506151142355,0.7003514938488576,0.5193321616871704,0.6766256590509666,0.2451669595782074,0.5518453427065027,4.39,1,0.0,4.889574369220485e-09,0.0,
504,2024-25,Eric Gordon,PHI,SG,2025,39.0,19.7,6.8,1.2,1.7,0.7,0.3,0.9,0.053,-1.6,0.1,0.591,10.8,14.4,0.2926829268292683,0.46133567662565905,0.5500878734622144,0.13796133567662566,0.4086115992970123,0.4428822495606327,0.4973637961335677,0.29964850615114236,0.14674868189806678,2.92,0,0.0,0.0,0.0,
505,2024-25,Grayson Allen,PHO,SG,2025,64.0,24.1,10.6,3.0,2.1,0.8,0.3,2.5,0.079,-0.3,0.7,0.631,13.7,17.6,0.4390243902439024,0.70298769771529,0.6537785588752196,0.46660808435852374,0.6511423550087874,0.6133567662565905,0.7328646748681898,0.5553602811950791,0.3304042179261863,5.05,1,0.0,1.3046432393743817e-08,0.0,
506,2024-25,Grant Williams,CHO,PF,2025,16.0,29.9,10.4,5.1,2.3,1.1,0.8,0.7,0.071,-1.6,0.1,0.596,11.5,14.8,0.2317073170731707,0.695079086115993,0.6898066783831283,0.7926186291739895,0.3655536028119508,0.4428822495606327,0.4973637961335677,0.3655536028119508,0.06766256590509666,4.844999999999999,0,0.0,0.0,0.0,
507,2024-25,Gradey Dick,TOR,SG,2025,54.0,29.4,14.4,3.6,1.8,0.9,0.2,1.4,0.042,-3.2,-0.5,0.543,10.9,21.0,0.3658536585365853,0.8189806678383128,0.5773286467486819,0.5896309314586995,0.5096660808435852,0.2627416520210896,0.06063268892794376,0.31282952548330406,0.22847100175746923,5.9,1,0.0,7.003078532134532e-10,0.0,
508,2024-25,Goga Bitadze,ORL,C,2025,70.0,20.4,7.2,6.6,2.0,0.7,1.4,5.8,0.195,2.5,1.6,0.631,19.2,14.3,0.5,0.4982425307557118,0.6274165202108963,0.8919156414762741,0.9103690685413005,0.8796133567662566,0.8646748681898067,0.8875219683655536,0.5342706502636204,5.319999999999999,1,0.0,1.1587754315448634e-06,0.0,
509,2024-25,Georges Niang,2TM,PF,2025,79.0,21.5,9.9,3.4,1.4,0.4,0.2,2.9,0.081,-2.3,-0.1,0.607,11.2,17.9,0.676752083976536,0.6590509666080844,0.46309314586994726,0.5527240773286467,0.7003514938488576,0.3585237258347979,0.2521968365553603,0.3427065026362039,0.9138840070298769,4.605,1,0.0,1.1086968954647794e-07,0.0,
510,2024-25,Gary Trent Jr.,MIL,SG,2025,74.0,25.6,11.1,2.3,1.2,1.0,0.1,3.3,0.084,-1.6,0.2,0.591,11.7,17.1,0.5853658536585366,0.7249560632688928,0.3998242530755712,0.3312829525483304,0.7407732864674869,0.4428822495606327,0.5553602811950791,0.37873462214411246,0.6520210896309314,4.97,1,0.0,3.499141904276403e-08,0.0,
511,2024-25,Gary Payton II,GSW,SG,2025,62.0,15.0,6.5,3.0,1.3,0.8,0.3,3.0,0.155,1.4,0.8,0.635,16.2,16.1,0.5853658536585366,0.4367311072056239,0.4279437609841828,0.46660808435852374,0.7117750439367311,0.8137082601054482,0.7548330404217927,0.7355008787346221,0.6520210896309314,3.7250000000000005,0,0.0,0.0,0.0,
512,2024-25,Gary Harris,ORL,SG,2025,48.0,14.8,3.0,1.3,0.6,0.5,0.3,1.0,0.067,-2.7,-0.1,0.524,6.9,9.5,0.5,0.17926186291739896,0.17311072056239016,0.15992970123022848,0.429701230228471,0.3110720562390158,0.2521968365553603,0.09050966608084358,0.5342706502636204,1.295,0,0.0,0.0,0.0,
513,2024-25,Garrison Mathews,ATL,SG,2025,47.0,17.7,7.5,1.9,1.3,0.6,0.3,1.5,0.087,-1.6,0.1,0.606,11.2,15.9,0.4878048780487805,0.5193321616871704,0.4279437609841828,0.2697715289982425,0.5202108963093146,0.4428822495606327,0.4973637961335677,0.3427065026362039,0.48945518453427067,3.3099999999999996,0,0.0,0.0,0.0,
514,2024-25,Garrett Temple,TOR,SG,2025,28.0,8.1,1.9,1.0,1.1,0.6,0.1,0.2,0.033,-3.6,-0.1,0.406,8.5,13.9,0.3658536585365853,0.10984182776801406,0.3602811950790861,0.10281195079086115,0.23286467486818982,0.22934973637961337,0.2521968365553603,0.13708260105448156,0.22847100175746923,0.7149999999999999,0,0.0,0.0,0.0,
515,2024-25,Gabe Vincent,LAL,PG,2025,72.0,21.2,6.4,1.3,1.4,0.7,0.2,1.3,0.039,-4.0,-0.8,0.536,7.4,13.5,0.6097560975609756,0.4253075571177504,0.46309314586994726,0.15992970123022848,0.4929701230228471,0.1977152899824253,0.026362038664323375,0.10369068541300527,0.7899824253075571,2.5749999999999997,1,0.0,2.993150868036056e-09,0.0,
516,2024-25,GG Jackson II,MEM,PF,2025,29.0,15.8,7.2,3.2,1.0,0.4,0.2,0.1,0.009,-5.3,-0.4,0.482,9.3,21.7,0.5853658536585364,0.4982425307557118,0.31370826010544817,0.5052724077328646,0.18717047451669597,0.13093145869947276,0.07644991212653779,0.17926186291739896,0.6089630931458699,2.6900000000000004,0,0.0,0.0,0.0,
517,2024-25,Fred VanVleet,HOU,PG,2025,60.0,35.2,14.1,3.7,5.6,1.6,0.4,5.2,0.119,0.9,1.5,0.515,12.8,17.7,0.6341463414634146,0.8093145869947276,0.9420035149384886,0.6080843585237259,0.8787346221441125,0.7715289982425307,0.8558875219683656,0.48857644991212656,0.8945518453427065,7.739999999999999,1,0.0,2.4599599513071255e-06,0.0,
518,2024-25,Franz Wagner,ORL,SF,2025,60.0,33.7,24.2,5.7,4.7,1.3,0.4,5.6,0.133,3.1,2.6,0.558,20.1,31.0,0.5,0.9622144112478032,0.8989455184534271,0.8374340949033392,0.8989455184534271,0.9015817223198594,0.9358523725834798,0.9226713532513181,0.5342706502636204,11.694999999999999,1,0.0,4.30148709974257e-05,0.0,
519,2024-25,Enrique Freeman,IND,PF,2025,22.0,8.2,2.1,1.4,0.4,0.1,0.1,0.2,0.046,-6.3,-0.2,0.507,7.4,12.3,0.6097560975609756,0.12390158172231985,0.1063268892794376,0.18014059753954306,0.23286467486818982,0.09753954305799649,0.15992970123022848,0.10369068541300527,0.7899824253075571,0.43499999999999994,0,0.0,0.0,0.0,
520,2024-25,Gui Santos,GSW,PF,2025,56.0,13.6,4.1,3.1,1.4,0.4,0.2,1.7,0.11,-1.7,0.1,0.575,11.7,13.2,0.5853658536585366,0.2592267135325132,0.46309314586994726,0.4876977152899824,0.5500878734622144,0.4235500878734622,0.4973637961335677,0.37873462214411246,0.6520210896309314,2.3499999999999996,0,0.0,0.0,0.0,
521,2024-25,Emoni Bates,CLE,SF,2025,10.0,7.5,3.7,0.7,0.8,0.1,0.1,0.1,0.038,-1.5,0.0,0.487,9.8,22.6,0.7804878048780488,0.22583479789103691,0.23813708260105448,0.056239015817223195,0.18717047451669597,0.46045694200351495,0.3875219683655536,0.2179261862917399,0.9551845342706503,1.4300000000000002,0,0.0,0.0,0.0,
522,2024-25,Emanuel Miller,CHI,PF,2025,6.0,4.2,1.7,1.3,0.3,0.2,0.0,0.1,0.201,-1.8,0.0,0.563,18.1,14.8,0.4756097560975609,0.0913884007029877,0.070298769771529,0.15992970123022848,0.18717047451669597,0.4121265377855888,0.3875219683655536,0.8347978910369068,0.4349736379613357,0.6900000000000001,0,0.0,0.0,0.0,
523,2024-25,Elijah Harkless,UTA,SG,2025,10.0,13.8,3.2,2.1,0.8,1.0,0.1,0.1,0.023,-3.8,-0.1,0.425,7.8,12.3,0.20731707317073172,0.18980667838312829,0.23813708260105448,0.29964850615114236,0.18717047451669597,0.2100175746924429,0.2521968365553603,0.11687170474516696,0.026362038664323375,1.2349999999999999,0,0.0,0.0,0.0,
524,2024-25,Elfrid Payton,2TM,PG,2025,24.0,21.3,3.5,3.3,6.9,1.0,0.5,-0.6,-0.057,-6.4,-0.6,0.34,8.5,15.2,0.24999999999999992,0.20913884007029876,0.9736379613356766,0.5281195079086116,0.008787346221441126,0.09314586994727592,0.048330404217926184,0.13708260105448156,0.08787346221441125,2.34,0,0.0,0.0,0.0,
525,2024-25,E.J. Liddell,CHI,PF,2025,12.0,4.4,1.8,0.8,0.3,0.1,0.1,0.1,0.108,-4.1,0.0,0.661,11.1,14.1,0.4756097560975609,0.10105448154657294,0.070298769771529,0.07205623901581722,0.18717047451669597,0.18629173989455183,0.3875219683655536,0.3347978910369069,0.4349736379613357,0.42,0,0.0,0.0,0.0,
526,2024-25,Dwight Powell,DAL,C,2025,55.0,10.0,2.1,2.1,1.0,0.3,0.4,1.7,0.147,0.0,0.3,0.713,12.9,7.6,0.4756097560975609,0.12390158172231985,0.31370826010544817,0.29964850615114236,0.5500878734622144,0.6493848857644992,0.5966608084358523,0.5008787346221442,0.4349736379613357,1.59,0,0.0,0.0,0.0,
527,2024-25,Duop Reath,POR,C,2025,46.0,10.2,4.2,2.0,0.6,0.3,0.3,1.0,0.105,-0.3,0.2,0.552,13.7,17.0,0.4390243902439024,0.273286467486819,0.17311072056239016,0.2820738137082601,0.429701230228471,0.6133567662565905,0.5553602811950791,0.5553602811950791,0.3304042179261863,2.06,0,0.0,0.0,0.0,
528,2024-25,Duncan Robinson,MIA,SF,2025,74.0,24.1,11.0,2.3,2.4,0.5,0.1,2.7,0.071,-1.7,0.1,0.595,11.8,19.2,0.45121951219512196,0.7179261862917399,0.7082601054481547,0.3312829525483304,0.6739894551845342,0.4235500878734622,0.4973637961335677,0.38488576449912126,0.39015817223198596,5.045,1,0.0,1.8824972572267787e-08,0.0,
529,2024-25,Dru Smith,MIA,SG,2025,14.0,19.1,6.2,2.6,1.6,1.5,0.4,0.7,0.118,2.1,0.3,0.656,13.3,13.8,0.4512195121951219,0.4121265377855888,0.5228471001757469,0.38137082601054484,0.3655536028119508,0.859402460456942,0.5966608084358523,0.5254833040421792,0.37785588752196836,3.2300000000000004,0,0.0,0.0,0.0,
530,2024-25,Drew Timme,BRK,PF,2025,9.0,28.2,12.1,7.2,2.2,0.4,0.1,0.0,0.009,-6.7,-0.3,0.5,11.0,21.3,0.3170731707317073,0.7513181019332161,0.6704745166959578,0.9121265377855887,0.12390158172231985,0.08875219683655536,0.10808435852372583,0.3251318101933216,0.18189806678383127,5.085,0,0.0,0.0,0.0,
531,2024-25,Drew Peterson,BOS,PF,2025,25.0,7.4,2.2,1.6,0.5,0.2,0.1,0.4,0.115,-0.8,0.1,0.601,10.5,12.5,0.7439024390243902,0.13181019332161686,0.13971880492091387,0.22056239015817222,0.29349736379613356,0.5492091388400703,0.4973637961335677,0.27768014059753954,0.929701230228471,1.1099999999999999,0,0.0,0.0,0.0,
532,2024-25,Drew Eubanks,2TM,C,2025,61.0,12.2,4.6,3.7,0.9,0.2,0.6,1.7,0.107,-0.7,0.3,0.622,15.6,15.1,0.36565373850459815,0.31282952548330406,0.2750439367311072,0.6080843585237259,0.5500878734622144,0.5650263620386643,0.5966608084358523,0.6827768014059754,0.21441124780316345,2.6149999999999998,0,0.0,0.0,0.0,
533,2024-25,Draymond Green,GSW,PF,2025,68.0,29.2,9.0,6.1,5.6,1.5,1.0,3.7,0.088,0.5,1.3,0.534,12.4,15.9,0.5853658536585366,0.6063268892794376,0.9420035149384886,0.8681898066783831,0.7794376098418277,0.718804920913884,0.836555360281195,0.45166959578207383,0.6520210896309314,5.975,1,0.0,1.3590201307105684e-07,0.0,
534,2024-25,Doug McDermott,SAC,SF,2025,42.0,8.1,3.5,0.5,0.2,0.1,0.0,0.4,0.061,-3.2,-0.1,0.617,9.5,15.7,0.4878048780487805,0.20913884007029876,0.040421792618629174,0.03163444639718805,0.29349736379613356,0.2627416520210896,0.2521968365553603,0.18980667838312829,0.48945518453427067,1.0999999999999999,0,0.0,0.0,0.0,
535,2024-25,Guerschon Yabusele,PHI,C,2025,70.0,27.1,11.0,5.6,2.1,0.8,0.3,3.9,0.099,-1.0,0.5,0.616,14.7,16.3,0.2926829268292683,0.7179261862917399,0.6537785588752196,0.8242530755711776,0.7917398945518453,0.5193321616871704,0.6766256590509666,0.624780316344464,0.14674868189806678,5.79,1,0.0,2.6500688943917326e-09,0.0,
536,2024-25,Harrison Barnes,SAS,PF,2025,82.0,27.2,12.3,3.8,1.7,0.5,0.2,5.6,0.12,0.0,1.2,0.656,14.9,15.7,0.4146341463414634,0.7601054481546573,0.5500878734622144,0.6291739894551845,0.8989455184534271,0.6493848857644992,0.8145869947275922,0.6353251318101933,0.2759226713532513,6.335,1,0.0,6.610473556082917e-08,0.0,
537,2024-25,Jahmir Young,CHI,PG,2025,6.0,5.0,1.8,0.5,1.0,0.0,0.0,0.1,0.22,0.5,0.0,0.935,16.8,9.6,0.4756097560975609,0.10105448154657294,0.31370826010544817,0.03163444639718805,0.18717047451669597,0.718804920913884,0.3875219683655536,0.7750439367311072,0.4349736379613357,0.9750000000000001,0,0.0,0.0,0.0,
538,2024-25,JD Davison,BOS,PG,2025,16.0,5.8,2.1,0.8,0.8,0.3,0.1,-0.2,-0.081,-6.2,-0.1,0.445,6.5,23.6,0.7439024390243902,0.12390158172231985,0.23813708260105448,0.07205623901581722,0.033391915641476276,0.10193321616871705,0.2521968365553603,0.07908611599297012,0.929701230228471,0.355,0,0.0,0.0,0.0,
539,2024-25,Jahlil Okafor,IND,C,2025,1.0,3.0,0.0,1.0,1.0,0.0,0.0,0.0,0.196,7.5,0.0,,13.8,0.0,0.6097560975609756,0.008787346221441126,0.31370826010544817,0.10281195079086115,0.12390158172231985,0.9929701230228472,0.3875219683655536,0.5632688927943761,0.7899824253075571,1.1,0,0.0,0.0,0.0,
540,2024-25,Jae'Sean Tate,HOU,SF,2025,52.0,11.3,3.6,2.3,0.9,0.5,0.1,1.6,0.133,-0.7,0.2,0.557,12.3,13.3,0.6341463414634146,0.21704745166959577,0.2750439367311072,0.3312829525483304,0.5342706502636204,0.5650263620386643,0.5553602811950791,0.44200351493848855,0.8945518453427065,2.035,0,0.0,0.0,0.0,
541,2024-25,Jae Crowder,SAC,PF,2025,9.0,11.4,2.6,2.2,0.7,0.3,0.0,0.1,0.026,-4.3,-0.1,0.467,6.6,12.0,0.48780487804878053,0.15905096660808435,0.2047451669595782,0.3172231985940246,0.18717047451669597,0.1695957820738137,0.2521968365553603,0.0843585237258348,0.5140597539543058,0.97,0,0.0,0.0,0.0,
542,2024-25,Jaden Springer,2TM,PG,2025,43.0,8.5,2.5,1.3,0.8,0.6,0.1,0.5,0.07,-2.7,-0.1,0.511,10.7,14.3,0.5317640385706182,0.15114235500878734,0.23813708260105448,0.15992970123022848,0.3216168717047452,0.3110720562390158,0.2521968365553603,0.28998242530755713,0.5571177504393673,1.0600000000000003,0,0.0,0.0,0.0,
543,2024-25,Jaden McDaniels,MIN,PF,2025,82.0,31.9,12.2,5.7,2.0,1.3,0.9,6.3,0.115,0.0,1.4,0.562,13.3,16.3,0.5975609756097561,0.7548330404217927,0.6274165202108963,0.8374340949033392,0.9226713532513181,0.6493848857644992,0.8479789103690686,0.5254833040421792,0.7144112478031635,6.785,1,0.0,4.703203951918666e-07,0.0,
544,2024-25,Jaden Ivey,DET,SG,2025,30.0,29.9,17.6,4.1,4.0,0.9,0.4,1.2,0.062,0.0,0.5,0.569,14.7,26.0,0.5365853658536586,0.8760984182776801,0.8506151142355008,0.6775043936731108,0.46924428822495606,0.6493848857644992,0.6766256590509666,0.624780316344464,0.5729349736379613,7.815,0,0.0,0.0,0.0,
545,2024-25,Jaden Hardy,DAL,SG,2025,57.0,15.9,8.7,1.6,1.4,0.5,0.1,-0.3,-0.016,-4.7,-0.6,0.549,10.4,25.3,0.4756097560975609,0.5790861159929701,0.46309314586994726,0.22056239015817222,0.022847100175746926,0.15202108963093147,0.048330404217926184,0.2697715289982425,0.4349736379613357,3.0349999999999993,0,0.0,0.0,0.0,
546,2024-25,Jacob Toppin,2TM,SF,2025,17.0,4.5,1.4,0.9,0.4,0.1,0.0,0.0,0.03,-2.6,0.0,0.523,9.2,13.9,0.6140602582496414,0.0632688927943761,0.1063268892794376,0.0852372583479789,0.12390158172231985,0.3233743409490334,0.3875219683655536,0.17223198594024605,0.8488576449912126,0.44499999999999995,0,0.0,0.0,0.0,
547,2024-25,Jackson Rowe,GSW,PF,2025,6.0,8.7,3.7,1.8,0.7,0.7,0.0,0.2,0.153,1.0,0.0,0.56,15.9,16.7,0.5853658536585366,0.22583479789103691,0.2047451669595782,0.25746924428822493,0.23286467486818982,0.7803163444639719,0.3875219683655536,0.7065026362038664,0.6520210896309314,1.845,0,0.0,0.0,0.0,
548,2024-25,Jack McVeigh,HOU,PF,2025,9.0,4.8,1.6,0.6,0.1,0.0,0.2,0.0,-0.031,-7.7,-0.1,0.412,4.0,18.2,0.6341463414634146,0.08172231985940245,0.025483304042179262,0.04481546572934974,0.12390158172231985,0.05975395430579965,0.2521968365553603,0.0492091388400703,0.8945518453427065,-0.10000000000000009,0,0.0,0.0,0.0,
549,2024-25,Jabari Walker,POR,PF,2025,60.0,12.5,5.2,3.5,0.6,0.6,0.1,2.0,0.128,-0.8,0.2,0.601,15.0,16.3,0.43902439024390233,0.3453427065026362,0.17311072056239016,0.5738137082601055,0.6019332161687171,0.5492091388400703,0.5553602811950791,0.640597539543058,0.30492091388400705,2.7849999999999997,0,0.0,0.0,0.0,
550,2024-25,Jabari Smith Jr.,HOU,PF,2025,57.0,30.1,12.2,7.0,1.1,0.4,0.7,4.2,0.117,-0.7,0.6,0.562,12.6,16.4,0.6341463414634146,0.7548330404217927,0.3602811950790861,0.9042179261862917,0.8084358523725835,0.5650263620386643,0.7082601054481547,0.46748681898066785,0.8945518453427065,6.309999999999999,1,0.0,3.757216443799764e-07,0.0,
551,2024-25,Ja'Kobe Walter,TOR,SG,2025,52.0,21.2,8.6,3.1,1.6,0.8,0.2,1.2,0.052,-3.0,-0.3,0.523,10.8,18.2,0.3658536585365853,0.5676625659050967,0.5228471001757469,0.4876977152899824,0.46924428822495606,0.28031634446397186,0.10808435852372583,0.29964850615114236,0.22847100175746923,3.7350000000000003,1,0.0,4.5901774301053573e-10,0.0,
552,2024-25,JT Thor,2TM,PF,2025,20.0,12.5,3.6,2.4,0.3,0.4,0.5,0.2,0.033,-5.4,-0.2,0.517,10.0,13.1,0.47195121951219504,0.21704745166959577,0.070298769771529,0.3471001757469244,0.23286467486818982,0.12126537785588752,0.15992970123022848,0.2398945518453427,0.4024604569420035,1.1800000000000002,0,0.0,0.0,0.0,
553,2024-25,Ivica Zubac,LAC,C,2025,80.0,32.8,16.8,12.6,2.7,0.7,1.1,11.7,0.215,3.1,3.4,0.641,22.3,19.5,0.6097560975609756,0.8602811950790861,0.7486818980667839,0.9947275922671354,0.9964850615114236,0.9015817223198594,0.9648506151142355,0.9639718804920914,0.7899824253075571,10.96,1,0.0,0.000627104045775307,0.0,
554,2024-25,Harrison Ingram,SAS,SF,2025,5.0,7.0,0.8,1.8,0.6,0.6,0.0,0.1,0.093,-1.2,0.0,0.5,10.9,6.1,0.41463414634146345,0.03427065026362039,0.17311072056239016,0.25746924428822493,0.18717047451669597,0.4991212653778559,0.3875219683655536,0.31282952548330406,0.28910369068541303,0.57,0,0.0,0.0,0.0,
555,2024-25,Isaiah Wong,CHO,SG,2025,20.0,13.3,6.0,1.6,1.4,0.6,0.0,0.1,0.01,-4.0,-0.1,0.5,10.9,22.1,0.23170731707317066,0.3989455184534271,0.46309314586994726,0.22056239015817222,0.18717047451669597,0.1977152899824253,0.2521968365553603,0.31282952548330406,0.05272407732864675,2.2399999999999993,0,0.0,0.0,0.0,
556,2024-25,Isaiah Stewart,DET,C,2025,72.0,19.9,6.0,5.5,1.7,0.4,1.4,4.3,0.144,0.6,0.9,0.616,14.6,12.4,0.5365853658536586,0.3989455184534271,0.5500878734622144,0.8154657293497364,0.8189806678383128,0.7284710017574693,0.7688927943760984,0.6186291739894552,0.5729349736379613,4.185,0,0.0,0.0,0.0,
557,2024-25,Isaiah Stevens,MIA,PG,2025,3.0,2.0,0.0,0.7,0.0,0.3,0.0,0.0,-0.196,-11.8,0.0,0.0,0.1,14.8,0.4512195121951219,0.008787346221441126,0.011423550087873463,0.056239015817223195,0.12390158172231985,0.025483304042179262,0.3875219683655536,0.028119507908611598,0.37785588752196836,-1.0750000000000002,0,0.0,0.0,0.0,
558,2024-25,Isaiah Mobley,PHI,PF,2025,1.0,17.0,6.0,4.0,5.0,1.0,1.0,0.0,0.119,4.7,0.0,0.381,17.2,20.2,0.2926829268292683,0.3989455184534271,0.9130052724077329,0.6652021089630932,0.12390158172231985,0.9692442882249561,0.3875219683655536,0.7873462214411248,0.14674868189806678,4.17,0,0.0,0.0,0.0,
559,2024-25,Isaiah Joe,OKC,SG,2025,74.0,21.7,10.2,2.6,1.6,0.6,0.1,5.1,0.153,1.3,1.4,0.617,14.0,17.2,0.8292682926829268,0.680140597539543,0.5228471001757469,0.38137082601054484,0.867311072056239,0.8084358523725835,0.8479789103690686,0.5808435852372583,0.984182776801406,5.429999999999999,1,0.0,1.7178282952188207e-05,0.0,
560,2024-25,Isaiah Jackson,IND,C,2025,5.0,16.8,7.0,5.6,1.0,0.6,1.6,0.3,0.153,0.8,0.1,0.6,18.2,17.6,0.6097560975609756,0.4789103690685413,0.31370826010544817,0.8242530755711776,0.2618629173989455,0.7583479789103691,0.4973637961335677,0.8409490333919156,0.7899824253075571,3.63,0,0.0,0.0,0.0,
561,2024-25,Isaiah Crawford,SAC,SF,2025,15.0,3.1,0.9,0.5,0.1,0.1,0.1,0.0,0.037,-4.1,0.0,0.509,9.2,12.9,0.4878048780487804,0.040421792618629174,0.025483304042179262,0.03163444639718805,0.12390158172231985,0.18629173989455183,0.3875219683655536,0.17223198594024605,0.46836555360281196,5.551115123125783e-17,0,0.0,0.0,0.0,
562,2024-25,Isaiah Collier,UTA,PG,2025,71.0,25.9,8.7,3.3,6.3,0.9,0.2,-0.8,-0.021,-5.3,-1.6,0.494,9.7,18.9,0.2073170731707317,0.5790861159929701,0.9657293497363796,0.5281195079086116,0.007029876977152899,0.13093145869947276,0.0026362038664323375,0.2038664323374341,0.012302284710017574,4.109999999999999,1,0.0,1.613873600730754e-11,0.0,
563,2024-25,Isaac Okoro,CLE,SG,2025,55.0,19.1,6.1,2.4,1.2,0.6,0.3,2.5,0.115,-0.5,0.4,0.587,10.7,12.5,0.7804878048780488,0.4068541300527241,0.3998242530755712,0.3471001757469244,0.6511423550087874,0.5931458699472759,0.6370826010544816,0.28998242530755713,0.9551845342706503,3.185,0,0.0,0.0,0.0,
564,2024-25,Isaac Jones,SAC,PF,2025,40.0,7.6,3.4,1.4,0.3,0.1,0.3,0.7,0.115,-1.7,0.0,0.678,15.2,16.3,0.4878048780487805,0.20123022847100175,0.070298769771529,0.18014059753954306,0.3655536028119508,0.4235500878734622,0.3875219683655536,0.6537785588752196,0.48945518453427067,1.43,0,0.0,0.0,0.0,
565,2024-25,Immanuel Quickley,TOR,PG,2025,33.0,27.8,17.1,3.5,5.8,0.7,0.1,2.5,0.128,2.2,1.0,0.57,17.5,25.1,0.3658536585365853,0.8681898066783831,0.9490333919156415,0.5738137082601055,0.6511423550087874,0.8637961335676626,0.7794376098418277,0.8031634446397188,0.22847100175746923,8.390000000000002,1,0.0,4.2911154831777877e-07,0.0,
566,2024-25,Hunter Tyson,DEN,PF,2025,51.0,7.8,2.6,1.5,0.4,0.2,0.1,0.4,0.047,-4.8,-0.3,0.506,9.0,15.5,0.6097560975609756,0.15905096660808435,0.1063268892794376,0.19947275922671354,0.29349736379613356,0.14674868189806678,0.10808435852372583,0.15641476274165203,0.7899824253075571,0.815,0,0.0,0.0,0.0,
567,2024-25,Herbert Jones,NOP,SF,2025,20.0,32.4,10.3,3.9,3.3,1.9,0.5,0.4,0.033,-3.6,-0.3,0.541,10.4,14.6,0.2560975609756097,0.687170474516696,0.7987697715289982,0.648506151142355,0.29349736379613356,0.22934973637961337,0.10808435852372583,0.2697715289982425,0.10896309314586995,4.569999999999999,0,0.0,0.0,0.0,
568,2024-25,Haywood Highsmith,MIA,SF,2025,74.0,24.6,6.5,3.4,1.5,0.9,0.5,3.3,0.088,-1.9,0.1,0.583,9.9,11.3,0.45121951219512196,0.4367311072056239,0.4964850615114236,0.5527240773286467,0.7407732864674869,0.4033391915641476,0.4973637961335677,0.23286467486818982,0.39015817223198596,3.555,1,0.0,1.6000958047099215e-09,0.0,
569,2024-25,Zyon Pullin,MEM,SG,2025,3.0,1.0,0.0,0.0,0.0,0.0,0.0,0.0,-0.304,-22.7,0.0,0.0,-11.7,13.4,0.5853658536585366,0.008787346221441126,0.011423550087873463,0.005272407732864675,0.12390158172231985,0.0035149384885764497,0.3875219683655536,0.0017574692442882249,0.6520210896309314,-2.27,0,0.0,0.0,0.0,
